File,WMC,DIT,NOC,CBO,RFC,LCOM,CA,CE,NPM,LCOM3,LOC,DAM,MOA,MFA,CAM,IC,CBM,AMC,CC,MaX_CC,SUM_LOC+,MAX_LOC+,SUM_LOC-,MAX_LOC-,MAX_SET,AVG_SET,NO_REV,SUM_CHRN,MAX_CHRN,Age,CountOfDeveloper,REF,BUG
ProxyServiceMessageReceiver.java,8,0,0,23,62,0,1,23,4,0.6,554,1,4,0,0.404761905,0,0,67.625,1.625,4,9,7,5,4,4,2.33,3,14,8,36.85,2,FALSE,TRUE
DBReportMediatorFactory.java,4,0,0,6,14,2,0,6,3,0.666666667,60,1,2,0,0.555555556,0,0,13.5,1.25,4,0,0,0,0,0,0,0,0,0,214.42,0,FALSE,FALSE
CustomURIBasedDispatcher.java,5,0,0,11,22,8,0,11,4,1,95,0.5,1,0,0.583333333,0,0,17.6,0.6,1,0,0,0,0,0,0,0,0,0,205.14,0,FALSE,FALSE
ThrottleMediatorFactory.java,4,0,0,7,25,4,0,7,3,0.666666667,169,1,1,0,0.555555556,0,0,41,3.25,12,0,0,0,0,0,0,0,0,0,193.14,0,FALSE,FALSE
SynapseXMLConfigurationSerializer.java,15,1,0,39,65,101,0,39,3,0.904761905,437,1,3,0,0.297619048,0,0,27.93333333,2.333333333,13,12,12,0,0,38,38,1,12,12,25,1,FALSE,FALSE
HttpCoreNIOListener.java,49,1,1,35,154,588,5,33,32,0.883928571,1165,1,8,0,0.107142857,0,0,22.48979592,1.510204082,4,26,19,53,34,65,35,3,79,40,9.14,1,TRUE,FALSE
SynapseCallbackReceiver.java,7,1,0,37,110,0,3,35,4,0.5,722,1,1,0,0.333333333,0,0,101.8571429,1.714285714,7,89,65,14,8,25,8.25,4,103,68,-58.71,1,FALSE,TRUE
SynapseXPathConstants.java,1,1,0,0,2,0,0,0,1,2,13,0,0,0,1,0,0,3,0,0,0,0,0,0,0,0,0,0,0,220.57,0,FALSE,FALSE
JMXSecretCallbackHandler.java,3,0,0,4,11,1,0,4,1,0.5,32,1,1,0,0.75,0,0,9.333333333,1,3,0,0,0,0,0,0,0,0,0,106.28,0,FALSE,FALSE
PerUserViewStrategy.java,5,1,2,10,29,0,2,8,2,0.916666667,271,1,1,0,0.485714286,0,0,52.6,5.2,12,0,0,0,0,0,0,0,0,0,168,0,FALSE,FALSE
API.java,21,0,0,19,78,130,7,12,15,0.858333333,770,1,0,0,0.202380952,0,0,35.38095238,3,17,448,311,13,5,38,8.12,8,461,311,25,2,FALSE,TRUE
InMediator.java,3,0,0,7,16,3,2,5,3,2,59,0,0,0,0.833333333,0,0,18.66666667,2,4,5,5,0,0,96,96,1,5,5,-57.14,1,FALSE,TRUE
AMQPConsumer.java,9,1,0,5,60,22,1,5,2,0.967105263,418,1,3,0,0.277777778,0,0,43.33333333,1.111111111,3,3,3,9,9,9,9,1,12,12,-67,1,FALSE,FALSE
ComponentType.java,4,2,0,17,7,4,16,1,2,0.933333333,67,0.2,5,0.866666667,0.444444444,1,1,14.5,0.5,1,0,0,0,0,0,0,0,0,0,167.85,0,FALSE,FALSE
RMSequenceMediatorFactory.java,4,0,0,10,28,2,0,10,3,0.666666667,260,1,5,0,0.555555556,0,0,62.75,5,19,0,0,0,0,25,25,1,0,0,-70.28,1,FALSE,FALSE
IterateMediator.java,17,0,0,22,60,48,2,20,16,0.760416667,428,1,3,0,0.170588235,0,0,23.82352941,1.941176471,11,5,4,7,4,1,1,2,12,7,-7.42,2,FALSE,TRUE
MBeanRegistrar.java,9,1,0,15,26,22,12,3,3,0.625,180,1,2,0,0.583333333,0,0,18.77777778,1.555555556,3,0,0,0,0,0,0,0,0,0,160,0,FALSE,FALSE
APIDeployer.java,6,0,0,11,36,0,0,11,5,0.2,471,1,1,0,0.65,0,0,77.33333333,3.166666667,6,172,172,0,0,38,38,1,172,172,25,1,FALSE,FALSE
SourceXPathSupport.java,6,1,0,15,19,1,5,10,6,0.8,99,0.666666667,1,0,0.333333333,0,0,15,1.666666667,4,0,0,0,0,0,0,0,0,0,207,0,FALSE,FALSE
CipherOperationMode.java,4,2,0,8,7,4,7,1,2,0.888888889,45,0.333333333,3,0.866666667,0.444444444,1,1,9.5,0.5,1,0,0,0,0,0,0,0,0,0,106.28,0,FALSE,FALSE
MBeanRegistrar.java,9,1,0,3,26,22,1,2,3,0.625,175,1,2,0,0.583333333,0,0,18.22222222,1.555555556,3,0,0,0,0,0,0,0,0,0,106.28,0,FALSE,FALSE
DataSourceInformationFactory.java,4,1,0,8,59,0,1,7,1,0.333333333,754,1,1,0,0.444444444,0,0,187.25,2.75,10,0,0,0,0,0,0,0,0,0,160,0,FALSE,FALSE
LogMediator.java,18,0,0,13,66,55,4,9,11,0.949019608,455,0.266666667,0,0,0.253968254,0,0,23.44444444,2.222222222,8,13,13,0,0,96,96,1,13,13,-57.14,1,FALSE,TRUE
StatisticsCleaner.java,3,1,0,5,18,0,1,4,2,0.8125,119,1,2,0,0.75,0,0,36,2.333333333,7,0,0,0,0,0,0,0,0,0,167.28,0,FALSE,FALSE
Template.java,14,1,0,15,34,49,10,6,12,0.8,170,1,1,0,0.357142857,0,0,10.78571429,1.5,6,0,0,0,0,0,0,0,0,0,64.85,0,FALSE,FALSE
Axis2SynapseEnvironment.java,24,1,0,42,95,194,6,36,21,0.845849802,755,0.818181818,7,0,0.130434783,0,0,30,2.541666667,25,84,38,39,18,96,52.75,4,123,56,25,1,FALSE,TRUE
SimpleQuartz.java,9,0,0,18,66,2,2,17,6,0.6875,336,1,4,0,0.275,0,0,35.88888889,3.111111111,15,1,1,1,1,4,4,1,2,2,-60.85,1,FALSE,FALSE
HttpCoreRequestResponseTransport.java,9,1,0,11,21,4,1,10,7,0.6875,98,1,3,0,0.375,0,0,9.444444444,0.888888889,2,2,2,2,2,96,96,1,4,4,-57.14,1,FALSE,TRUE
SpringMediatorSerializer.java,4,0,0,7,18,4,0,7,3,0.666666667,72,1,1,0,0.666666667,0,0,16.75,1.25,4,0,0,0,0,0,0,0,0,0,171.28,0,FALSE,FALSE
SoapSessionDispatcher.java,7,0,0,13,21,1,4,9,6,0.333333333,95,1,1,0,0.833333333,0,0,12.42857143,1.285714286,5,0,0,0,0,0,0,0,0,0,220,0,FALSE,FALSE
StatisticsReporter.java,12,1,0,22,53,24,7,15,7,0.181818182,411,1,1,0,0.242424242,0,0,33.16666667,4.416666667,11,0,0,0,0,0,0,0,0,0,168,0,FALSE,FALSE
EndpointSerializer.java,9,1,10,43,41,34,16,37,2,0.875,199,1,2,0,0.333333333,0,0,20.88888889,2.888888889,12,23,21,10,8,46,17.66,3,33,29,30.14,2,TRUE,TRUE
LatencyViewMBean.java,9,1,0,1,9,36,1,0,9,2,9,0,0,0,1,0,0,0,1,1,0,0,0,0,0,0,0,0,0,98.71,0,FALSE,FALSE
URLMappingHelper.java,5,1,0,5,19,0,3,2,5,0.5,204,1,0,0,0.9,0,0,39.2,3.6,6,110,97,3,3,38,12.4,5,113,97,25,1,TRUE,TRUE
SecretManager.java,9,1,0,16,46,0,4,12,5,0.902777778,398,1,3,0,0.416666667,0,0,42.22222222,4.333333333,22,0,0,0,0,0,0,0,0,0,106.28,0,FALSE,FALSE
TemplateMediatorFactory.java,5,0,0,10,25,2,1,9,2,0.666666667,113,0.666666667,3,0,0.5,0,0,21,1.2,3,10,5,32,26,18,12.66,3,42,31,18.28,2,FALSE,TRUE
FaultMediator.java,35,0,0,33,128,403,2,31,26,0.904411765,957,0.75,4,0,0.151648352,0,0,25.88571429,2.742857143,15,9,9,12,12,1,1,1,21,21,-0.85,1,FALSE,TRUE
DOOMResultBuilderFactory.java,2,1,0,6,4,1,1,5,2,2,9,0,0,0,0.666666667,0,0,3.5,0.5,1,0,0,0,0,0,0,0,0,0,205.85,0,FALSE,FALSE
TopicBasedEventFilter.java,9,1,0,12,23,16,1,11,7,0.8125,97,1,2,0,0.325,0,0,9.333333333,1.111111111,4,0,0,0,0,3,3,1,0,0,-15.57,1,FALSE,FALSE
SchemaResourceResolver.java,3,1,0,6,15,0,1,5,2,0.5,82,1,3,0,0.625,0,0,25.33333333,1.333333333,4,0,0,0,0,0,0,0,0,0,70,0,FALSE,FALSE
ServerConfigurationInformation.java,31,1,0,27,52,349,24,3,26,0.916666667,422,1,1,0,0.511111111,0,0,12.16129032,1.419354839,5,0,0,0,0,0,0,0,0,0,170.28,0,FALSE,FALSE
ClassMediator.java,8,0,0,11,29,0,2,9,8,0.5,158,1,1,0,0.270833333,0,0,18.5,1.875,4,5,5,0,0,96,96,1,5,5,-57.14,1,FALSE,TRUE
WSDLEndpointFactory.java,4,0,0,15,46,4,1,14,1,1,266,0.5,1,0,0.416666667,0,0,65,4.5,17,7,7,5,4,25,14,2,12,11,-61.14,1,FALSE,TRUE
SingleSecretCallback.java,9,1,0,9,10,22,8,1,9,0.75,49,1,0,0,0.777777778,0,0,4.111111111,0.666666667,1,0,0,0,0,0,0,0,0,0,106.28,0,FALSE,FALSE
Nameable.java,2,1,0,6,2,1,6,0,2,2,2,0,0,0,0.75,0,0,0,1,1,0,0,0,0,0,0,0,0,0,167.85,0,FALSE,FALSE
AXIOMSourceBuilder.java,4,1,0,4,5,6,1,3,4,2,17,0,0,0,0.75,0,0,3.25,0.75,1,0,0,0,0,0,0,0,0,0,205.42,0,FALSE,FALSE
InternalQueue.java,8,1,0,8,8,28,8,0,8,2,8,0,0,0,0.40625,0,0,0,1,1,0,0,0,0,0,0,0,0,0,120.71,0,FALSE,FALSE
TargetSerializer.java,3,1,0,16,18,1,4,12,2,0.5,87,1,3,0,0.5,0,0,27,2.333333333,7,0,0,0,0,0,0,0,0,0,214.42,0,FALSE,FALSE
MessageProcessorSerializer.java,5,1,0,14,30,2,3,11,2,0.625,155,1,4,0,0.3125,0,0,29.2,2.2,8,23,23,8,8,5,5,1,31,31,-51,1,FALSE,FALSE
SEDAQueueConsumer.java,1,1,0,5,1,0,4,1,1,2,1,0,0,0,1,0,0,0,1,1,0,0,0,0,0,0,0,0,0,147.42,0,FALSE,FALSE
SEDAQueuePolicy.java,9,1,0,3,12,16,3,0,9,0.928571429,61,0.571428571,0,0,0.481481481,0,0,5,0.888888889,1,0,0,0,0,0,0,0,0,0,147.42,0,FALSE,FALSE
MDDProducer.java,7,1,0,0,34,21,0,0,2,2,209,0,0,0,0.204081633,0,0,28.85714286,1.571428571,4,0,0,0,0,0,0,0,0,0,179.14,0,FALSE,FALSE
DefaultEndpointFactory.java,7,0,2,12,33,19,3,10,2,0.833333333,196,1,1,0,0.388888889,0,0,26.85714286,2.714285714,7,0,0,1,1,25,25,1,1,1,-70.28,1,FALSE,FALSE
FileBaseSecretRepositoryProvider.java,2,1,0,5,4,1,0,5,2,2,11,0,0,0,0.666666667,0,0,4.5,0.5,1,0,0,0,0,0,0,0,0,0,106.28,0,FALSE,FALSE
EvaluatorFactory.java,1,1,0,9,1,0,6,3,1,2,1,0,0,0,1,0,0,0,1,1,0,0,0,0,0,0,0,0,0,120.71,0,FALSE,FALSE
SecretManagerSecretCallbackHandler.java,2,0,0,4,11,0,0,4,1,0,38,1,1,0,0.75,0,0,17.5,2.5,5,0,0,0,0,0,0,0,0,0,106.28,0,FALSE,FALSE
AddressEndpoint.java,4,0,0,14,21,6,10,4,4,2,62,0,0,0,0.75,0,0,14.5,2,3,0,0,0,0,0,0,0,0,0,220,0,FALSE,FALSE
SynapseThreadPool.java,3,3,0,2,8,3,1,1,3,1.5,66,0,0,1,0.555555556,0,0,17,0,0,0,0,0,0,0,0,0,0,0,172,0,FALSE,FALSE
DefaultEndpoint.java,4,0,0,7,21,6,3,4,4,2,62,0,0,0,0.75,0,0,14.5,2,3,0,0,0,0,0,0,0,0,0,213.14,0,FALSE,FALSE
AbstractMessageProcessor.java,13,1,1,8,18,62,1,7,13,0.927083333,91,1,3,0,0.365384615,0,0,5.384615385,1.076923077,2,0,0,0,0,0,0,0,0,0,67.71,0,FALSE,FALSE
AbstractKeyStoreLoader.java,4,1,2,6,26,0,2,4,0,0,227,1,1,0,0.666666667,0,0,55.5,3.25,11,0,0,0,0,0,0,0,0,0,106.28,0,FALSE,FALSE
ResourceMapFactory.java,4,1,0,9,16,4,3,6,2,0.333333333,76,1,1,0,0.333333333,0,0,17.75,1.5,5,0,0,0,0,0,0,0,0,0,158.42,0,FALSE,FALSE
StartupFactory.java,3,1,0,5,3,3,3,2,3,2,3,0,0,0,0.666666667,0,0,0,1,1,0,0,0,0,0,0,0,0,0,206.28,0,FALSE,FALSE
TargetFactory.java,4,1,0,14,25,2,4,10,2,0.5,147,1,2,0,0.333333333,0,0,35.25,3.5,12,0,0,0,0,0,0,0,0,0,214.42,0,FALSE,FALSE
URLRewriteMediatorSerializer.java,5,0,0,16,37,4,0,16,2,2,240,0,0,0,0.4,0,0,47,2.4,6,2,2,2,2,2,2,1,4,4,36.71,1,FALSE,TRUE
SynapseMustUnderstandHandler.java,2,0,0,9,14,1,1,8,2,2,47,0,0,0,0.75,0,0,22,0.5,1,0,0,0,0,0,0,0,0,0,171.28,0,FALSE,FALSE
FilterMediatorSerializer.java,3,0,0,11,27,3,0,11,3,2,140,0,0,0,0.666666667,0,0,45.66666667,3.333333333,9,0,0,0,0,0,0,0,0,0,221.28,0,FALSE,FALSE
MediatorCustomVariable.java,10,0,0,14,38,13,2,12,6,0.694444444,230,1,2,0,0.26984127,0,0,21.6,2.5,10,0,0,0,0,0,0,0,0,0,221.14,0,FALSE,FALSE
ConditionalRouterMediator.java,7,0,0,12,33,1,2,10,7,0.666666667,149,1,0,0,0.357142857,0,0,19.85714286,1.285714286,4,0,0,0,0,0,0,0,0,0,108.14,0,FALSE,FALSE
PriorityExecutorDeployer.java,6,0,0,11,36,0,0,11,5,0.2,483,1,1,0,0.65,0,0,79.33333333,3,5,2,2,1,1,7,7,1,3,3,26.28,1,FALSE,TRUE
StatisticsViewMBean.java,7,1,0,1,7,21,1,0,7,2,7,0,0,0,0.714285714,0,0,0,1,1,0,0,0,0,0,0,0,0,0,167.85,0,FALSE,FALSE
InMemoryMessageStore.java,12,0,0,6,43,0,1,5,11,0.454545455,281,1,1,0,0.340909091,0,0,22.16666667,1.75,3,54,53,40,40,7,5.5,2,94,93,26.28,1,FALSE,TRUE
SimpleURLRegistry.java,14,0,0,17,76,55,0,17,10,0.826923077,604,1,2,0,0.296703297,0,0,41.85714286,3.571428571,15,0,0,0,0,0,0,0,0,0,218.14,0,FALSE,FALSE
LoggingIOSession.java,26,1,0,7,58,0,3,5,21,0.672,405,1,3,0,0.182692308,0,0,14.38461538,1.423076923,5,0,0,0,0,65,65,1,0,0,-61.42,1,FALSE,FALSE
SynapseXPathFactory.java,5,1,0,30,18,0,21,9,3,0.25,75,1,1,0,0.375,0,0,13.8,0.6,1,0,0,0,0,0,0,0,0,0,221.14,0,FALSE,FALSE
DataSourceFinder.java,4,1,0,5,15,0,2,3,3,0.333333333,93,1,1,0,0.416666667,0,0,22,1,3,6,6,1,1,1,1,1,7,7,-58.71,1,FALSE,TRUE
ListMediator.java,6,1,0,15,6,15,13,2,6,2,6,0,0,0,0.458333333,0,0,0,1,1,0,0,0,0,0,0,0,0,0,220.71,0,FALSE,FALSE
TrustKeyStoreWrapper.java,3,0,0,9,6,3,6,3,3,2,14,0,0,0,0.666666667,0,0,3.666666667,0.666666667,1,0,0,0,0,0,0,0,0,0,106.28,0,FALSE,FALSE
JMXSecretsProviderMBean.java,3,1,0,1,3,3,1,0,3,2,3,0,0,0,0.833333333,0,0,0,1,1,0,0,0,0,0,0,0,0,0,106.28,0,FALSE,FALSE
ReplaceMediator.java,6,0,0,7,16,0,1,6,6,0.5,61,1,1,0,0.375,0,0,8.833333333,0.833333333,1,0,0,0,0,0,0,0,0,0,167.71,0,FALSE,FALSE
StreamSourceBuilderFactory.java,2,1,0,5,4,1,1,4,2,2,10,0,0,0,0.75,0,0,4,0.5,1,0,0,0,0,0,0,0,0,0,205.85,0,FALSE,FALSE
Target.java,18,1,0,26,39,75,16,10,16,0.830882353,331,1,3,0,0.254901961,0,0,16.94444444,2.055555556,22,0,0,0,0,0,0,0,0,0,108.42,0,FALSE,FALSE
MultiPriorityBlockingQueue.java,26,3,0,9,69,0,5,6,23,0.674285714,843,1,1,0.456521739,0.15034965,2,11,31.15384615,1.5,3,0,0,0,0,0,0,0,0,0,120.71,0,FALSE,FALSE
DataSourceInformation.java,66,1,0,15,78,1979,14,1,66,0.974825175,431,0.939393939,1,0,0.189393939,0,0,5.03030303,1.045454545,5,0,0,0,0,0,0,0,0,0,155.14,0,FALSE,FALSE
StatisticsLog.java,14,1,0,5,21,59,3,2,14,0.802197802,104,1,2,0,0.273809524,0,0,5.928571429,0.857142857,1,0,0,0,0,0,0,0,0,0,168,0,FALSE,FALSE
CipherFactory.java,4,1,0,9,13,6,3,6,4,2,58,0,0,0,0.35,0,0,13.5,1.5,2,0,0,0,0,0,0,0,0,0,106.28,0,FALSE,FALSE
LogMediatorSerializer.java,3,0,0,7,20,3,0,7,3,2,125,0,0,0,0.666666667,0,0,40.66666667,4.666666667,13,0,0,0,0,0,0,0,0,0,172.14,0,FALSE,FALSE
AbstractDBMediatorSerializer.java,5,0,2,16,33,0,2,14,1,2,390,0,0,0,0.4,0,0,77,5.6,20,0,0,0,0,0,0,0,0,0,221.14,0,FALSE,FALSE
SynapseXMLConfigurationFactory.java,22,1,0,35,90,217,1,34,18,0.619047619,704,0.5,1,0,0.404761905,0,0,30.90909091,2.136363636,17,61,18,15,5,46,13.87,8,76,22,26.28,3,TRUE,TRUE
FilterMediatorFactory.java,4,0,0,11,29,2,0,11,3,0.666666667,215,1,3,0,0.555555556,0,0,52,4,15,0,0,0,0,0,0,0,0,0,221.28,0,FALSE,FALSE
ResolvingEndpointSerializer.java,2,0,0,12,12,1,1,12,1,2,48,0,0,0,0.75,0,0,23,2,4,0,0,0,0,0,0,0,0,0,139.85,0,FALSE,FALSE
AccessTimeUtil.java,9,1,0,5,32,30,2,3,5,0.625,220,1,0,0,0.15,0,0,23.33333333,1.555555556,4,181,181,0,0,9,9,1,181,181,26.14,1,FALSE,TRUE
DecryptionProvider.java,1,1,0,4,1,0,4,0,1,2,1,0,0,0,1,0,0,0,1,1,0,0,0,0,0,0,0,0,0,106.28,0,FALSE,FALSE
AbstractMediatorFactory.java,9,1,36,46,40,30,36,10,1,0.9609375,308,0.9375,16,0,0.375,0,0,31.44444444,2.555555556,12,0,0,0,0,0,0,0,0,0,221.28,0,FALSE,FALSE
Mediator.java,4,1,0,134,4,6,133,2,4,2,4,0,0,0,0.5,0,0,0,1,1,2,2,0,0,96,96,1,2,2,-57.14,1,FALSE,TRUE
StatisticsView.java,10,1,0,6,24,0,1,6,8,0.277777778,139,1,2,0,0.4,0,0,12.7,1.1,2,0,0,0,0,0,0,0,0,0,167.85,0,FALSE,FALSE
AnonymousListMediatorFactory.java,2,0,0,6,5,1,2,4,2,2,15,0,0,0,0.5,0,0,6.5,0.5,1,0,0,0,0,0,0,0,0,0,89,0,FALSE,FALSE
SamplingProcessor.java,9,0,0,12,30,18,2,11,7,0.925,124,0.6,2,0,0.555555556,0,0,12.22222222,0.888888889,1,10,10,14,14,8,8,1,24,24,-59.42,1,FALSE,TRUE
DOOMResultBuilder.java,7,1,0,10,20,13,1,9,4,0.583333333,68,1,1,0,0.333333333,0,0,8.428571429,0.857142857,2,0,0,0,0,0,0,0,0,0,205.85,0,FALSE,FALSE
InvokeMediatorFactory.java,5,0,0,10,21,4,1,9,2,0.666666667,95,0.333333333,3,0,0.583333333,0,0,17.4,1,2,1,1,1,1,6,6,1,2,2,-60.42,1,FALSE,FALSE
Access.java,29,1,0,46,87,386,28,41,22,0.959183673,559,1,3,0,0.160714286,0,0,18.03448276,1.551724138,9,813,811,1,1,17,14,3,814,811,26.14,1,TRUE,TRUE
MultiXMLConfigurationBuilder.java,17,1,0,28,86,0,1,27,2,0.945833333,934,0.133333333,1,0,0.427083333,0,0,53.05882353,3.235294118,5,295,233,125,111,46,21.8,5,420,344,26.28,2,TRUE,TRUE
Statistics.java,12,1,0,3,21,18,2,1,12,0.818181818,179,0.888888889,0,0,0.283333333,0,0,13.16666667,1.416666667,6,0,0,0,0,0,0,0,0,0,168,0,FALSE,FALSE
AnonymousListMediatorSerializer.java,3,0,0,5,6,3,2,3,3,2,14,0,0,0,0.666666667,0,0,3.666666667,0.666666667,1,0,0,0,0,0,0,0,0,0,206.28,0,FALSE,FALSE
ForwardingProcessorConstants.java,1,1,0,0,2,0,0,0,1,2,10,0,0,0,1,0,0,3,0,0,0,0,0,0,0,0,0,0,0,57.57,0,FALSE,FALSE
XMLConfigurationBuilder.java,3,1,0,9,11,1,2,7,2,0.5,25,1,1,0,0.5,0,0,7,0.333333333,1,0,0,0,0,0,0,0,0,0,89,0,FALSE,FALSE
TransactionMediatorSerializer.java,3,0,0,7,15,3,0,7,3,2,45,0,0,0,0.666666667,0,0,14,1,2,0,0,0,0,0,0,0,0,0,170.14,0,FALSE,FALSE
StreamResultBuilder.java,6,1,0,17,22,3,1,16,4,0.72,107,1,4,0,0.3,0,0,16,1.166666667,3,0,0,0,0,0,0,0,0,0,205.85,0,FALSE,FALSE
XQueryMediatorSerializer.java,3,0,0,14,37,3,0,14,3,2,389,0,0,0,0.666666667,0,0,128.6666667,13.66666667,40,0,0,0,0,0,0,0,0,0,221.14,0,FALSE,FALSE
SynapseEnvironment.java,15,1,0,88,15,105,84,8,15,2,15,0,0,0,0.244444444,0,0,0,1,1,0,0,0,0,0,0,0,0,0,217.71,0,FALSE,FALSE
TaskTriggerFactory.java,1,1,0,4,1,0,2,2,1,2,1,0,0,0,1,0,0,0,1,1,0,0,0,0,0,0,0,0,0,188.28,0,FALSE,FALSE
TaskDescriptionRepository.java,11,1,0,8,31,0,4,4,7,0.3,220,1,1,0,0.566666667,0,0,18.81818182,2.090909091,5,0,0,0,0,0,0,0,0,0,188.28,0,FALSE,FALSE
ServiceLoadBalanceMembershipHandler.java,10,1,0,13,41,35,0,13,8,0.833333333,194,1,3,0,0.277777778,0,0,18,1.2,3,168,154,4,4,5,3,2,172,154,26.14,1,FALSE,FALSE
PlainServerIOEventDispatch.java,2,0,0,9,6,1,1,8,1,2,17,0,0,0,0.625,0,0,7.5,0.5,1,28,28,14,14,65,51.5,2,42,42,-59,1,TRUE,FALSE
RMIRegistryController.java,11,1,0,6,39,9,3,3,4,0.566666667,273,0.666666667,2,0,0.28,0,0,23.54545455,1.545454545,4,0,0,0,0,0,0,0,0,0,160,0,FALSE,FALSE
NotSerializer.java,2,0,0,8,9,1,1,7,2,2,35,0,0,0,0.666666667,0,0,16.5,0.5,1,3,3,2,2,10,10,1,5,5,-58.28,1,FALSE,TRUE
MediatorProperty.java,12,1,0,20,25,36,14,6,11,0.909090909,204,0.444444444,6,0,0.386363636,0,0,15.25,1.666666667,11,0,0,0,0,0,0,0,0,0,221.14,0,FALSE,FALSE
WSDL11EndpointBuilder.java,6,1,0,8,50,7,1,7,2,0.4,310,0.5,1,0,0.4,0,0,50.33333333,3.833333333,20,0,0,0,0,0,0,0,0,0,208.28,0,FALSE,FALSE
ThreadingViewMBean.java,12,1,0,1,12,66,1,0,12,2,12,0,0,0,1,0,0,0,1,1,0,0,0,0,0,0,0,0,0,98.28,0,FALSE,FALSE
IndirectEndpoint.java,12,0,0,20,37,0,5,15,11,0.409090909,211,1,1,0,0.283333333,0,0,16.41666667,2.25,16,22,12,3,2,46,27,2,25,13,26.28,1,TRUE,TRUE
MessageProcessorDeployer.java,6,0,0,12,38,0,0,12,5,0.2,505,1,1,0,0.65,0,0,83,3.333333333,7,0,0,0,0,0,0,0,0,0,57,0,FALSE,FALSE
FIXConstants.java,1,1,0,0,2,0,0,0,1,2,71,0,0,0,1,0,0,3,0,0,9,8,0,0,3,2.5,2,9,8,24.28,1,FALSE,TRUE
FaultHandler.java,7,1,4,26,33,9,23,4,5,0.5,259,1,2,0,0.333333333,0,0,35.71428571,3,10,0,0,0,0,0,0,0,0,0,191.14,0,FALSE,FALSE
FIXOutgoingMessageHandler.java,7,1,0,11,28,1,1,10,4,0.5,403,1,2,0,0.452380952,0,0,56,1.285714286,5,0,0,0,0,0,0,0,0,0,153.28,0,FALSE,FALSE
DBLookupMediatorSerializer.java,3,0,0,7,13,3,0,7,3,2,40,0,0,0,0.666666667,0,0,12.33333333,1,2,0,0,0,0,0,0,0,0,0,214.42,0,FALSE,FALSE
FIXApplicationFactory.java,2,1,0,8,4,0,3,5,2,0,18,1,1,0,0.6,0,0,7.5,0.5,1,0,0,0,0,0,0,0,0,0,160.14,0,FALSE,FALSE
PropertyInclude.java,5,1,0,26,5,10,25,1,5,2,5,0,0,0,0.45,0,0,0,1,1,0,0,0,0,0,0,0,0,0,108.71,0,FALSE,FALSE
CACertsLoader.java,4,1,0,5,25,0,1,4,2,0.333333333,126,1,1,0,0.666666667,0,0,30.25,1,3,0,0,0,0,0,0,0,0,0,106.28,0,FALSE,FALSE
AbstractListMediatorFactory.java,2,0,8,15,17,1,8,7,1,2,52,0,0,0,0.5,0,0,25,1.5,3,0,0,0,0,0,0,0,0,0,206.28,0,FALSE,FALSE
DefaultHttpGetProcessor.java,19,1,0,25,106,69,1,24,3,0.833333333,1204,1,3,0,0.337606838,0,0,62,4.263157895,17,28,28,12,6,9,7.5,2,40,34,26.14,1,FALSE,TRUE
ReplaceMediatorFactory.java,5,0,0,7,17,6,0,7,4,0.625,74,1,2,0,0.666666667,0,0,13.4,1,3,0,0,0,0,0,0,0,0,0,167.71,0,FALSE,FALSE
SynapseStartUpServlet.java,6,0,0,7,21,13,0,7,3,1.066666667,83,0.666666667,1,0,0.6,0,0,12.33333333,0.666666667,1,1,1,0,0,2,2,1,1,1,-57.71,1,FALSE,TRUE
RESTConstants.java,1,1,0,0,2,0,0,0,1,2,19,0,0,0,1,0,0,3,0,0,57,48,1,1,38,11.6,5,58,48,25,2,FALSE,TRUE
JSONClient.java,4,1,0,9,44,6,0,9,3,2,214,0,0,0,0.25,0,0,52.5,1.25,3,0,0,0,0,0,0,0,0,0,94,0,FALSE,FALSE
SynapseObserver.java,16,1,0,10,16,120,3,7,16,2,16,0,0,0,0.25,0,0,0,1,1,0,0,0,0,0,0,0,0,0,149.71,0,FALSE,FALSE
MessageFormatterDecoratorFactory.java,3,1,0,9,16,1,2,7,2,1,69,1,1,0,0.5,0,0,21.33333333,2,6,0,0,0,0,3,3,1,0,0,-15.57,1,FALSE,TRUE
MessageContext.java,53,1,0,161,53,1378,155,10,53,2,53,0,0,0,0.127358491,0,0,0,1,1,0,0,0,0,0,0,0,0,0,217.28,0,FALSE,FALSE
DBReportMediatorSerializer.java,3,0,0,8,16,3,0,8,3,2,51,0,0,0,0.666666667,0,0,16,1.333333333,3,0,0,0,0,0,0,0,0,0,214.42,0,FALSE,FALSE
MessageStoreView.java,7,1,0,7,26,0,1,6,6,0.555555556,107,1,2,0,0.555555556,0,0,13.85714286,1.428571429,3,0,0,0,0,0,0,0,0,0,89.14,0,FALSE,FALSE
AbstractDispatcher.java,8,1,3,13,30,22,3,10,1,0.928571429,275,1,1,0,0.416666667,0,0,33.125,3.75,14,13,12,4,2,46,25,2,17,14,26.28,1,TRUE,TRUE
Bootstrap.java,3,1,0,0,39,3,0,0,2,1.5,309,1,0,0,0.333333333,0,0,101.3333333,3,8,0,0,0,0,0,0,0,0,0,58,0,FALSE,FALSE
NhttpConstants.java,1,1,0,0,2,0,0,0,1,2,78,0.013513514,0,0,1,0,0,3,0,0,27,10,7,7,76,32,4,34,15,35.71,3,TRUE,TRUE
TextProcessingEvaluatorFactory.java,3,1,2,14,21,1,2,12,1,0,151,1,1,0,0.555555556,0,0,49,0.666666667,1,0,0,0,0,0,0,0,0,0,90.42,0,FALSE,FALSE
SOAPEnvelopeTextRetriever.java,3,1,0,13,27,0,2,11,3,0.5,134,1,1,0,0.555555556,0,0,43,0.666666667,1,0,0,0,0,0,0,0,0,0,90.57,0,FALSE,FALSE
SynapseTaskManager.java,10,1,0,12,23,0,4,8,8,0.527777778,137,1,3,0,0.407407407,0,0,12.3,1.8,7,0,0,0,0,0,0,0,0,0,142.28,0,FALSE,FALSE
EndpointContext.java,15,1,0,14,56,0,8,7,9,0.655279503,1078,0.826086957,4,0,0.234693878,0,0,69.33333333,4,16,6,4,9,6,17,9,2,15,10,26.14,2,TRUE,TRUE
AbstractListMediatorSerializer.java,2,0,8,13,14,1,8,5,1,2,40,0,0,0,0.666666667,0,0,19,1.5,3,0,0,0,0,0,0,0,0,0,206.28,0,FALSE,FALSE
AbstractEvaluatorSerializer.java,4,1,4,14,18,0,4,10,0,0.777777778,106,1,3,0,0.583333333,0,0,24.75,0.5,1,0,0,0,0,0,0,0,0,0,108.14,0,FALSE,FALSE
DataSourceInformationRepositoryFactory.java,5,1,0,10,20,8,1,9,4,0.5,68,1,1,0,0.375,0,0,12.4,1.2,3,0,0,0,0,0,0,0,0,0,155.85,0,FALSE,FALSE
DBPoolViewMBean.java,5,1,0,1,5,10,1,0,5,2,5,0,0,0,1,0,0,0,1,1,0,0,0,0,0,0,0,0,0,118.14,0,FALSE,FALSE
Axis2MessageContext.java,63,1,0,66,145,463,44,22,63,0.875806452,879,1,4,0,0.111111111,0,0,12.79365079,1.682539683,11,5,4,8,7,18,17,2,13,11,18.28,2,TRUE,FALSE
SynapseAxisServlet.java,3,0,0,6,15,1,0,6,3,2,52,0,0,0,0.555555556,0,0,16.33333333,0.666666667,1,21,21,0,0,1,1,1,21,21,-57.85,1,FALSE,TRUE
MediatorLog.java,15,1,0,5,27,0,1,4,14,0.232142857,243,1,3,0,0.295918367,0,0,14.93333333,2.4,3,0,0,0,0,0,0,0,0,0,206,0,FALSE,FALSE
LoadbalanceFailoverClient.java,10,1,0,19,82,45,0,19,3,1.111111111,889,1,0,0,0.32,0,0,87.6,4.4,24,0,0,0,0,0,0,0,0,0,208.28,0,FALSE,FALSE
HardCodedSecretCallbackHandler.java,2,0,0,2,4,1,0,2,1,2,9,0,0,0,0.75,0,0,3.5,0.5,1,0,0,0,0,0,0,0,0,0,106.28,0,FALSE,FALSE
AXIOMSourceBuilderFactory.java,2,1,0,4,4,1,0,4,2,2,9,0,0,0,0.75,0,0,3.5,0.5,1,0,0,0,0,0,0,0,0,0,205.42,0,FALSE,FALSE
KeyStoreInformationFactory.java,5,1,0,10,25,0,2,8,3,1.1875,210,1,1,0,0.3125,0,0,37.8,3.6,10,0,0,0,0,0,0,0,0,0,106.28,0,FALSE,FALSE
PollTableEntry.java,26,0,0,7,41,271,2,5,23,0.952727273,423,0.909090909,0,0,0.307692308,0,0,14.42307692,1.192307692,3,6,6,0,0,1,1,1,6,6,-58.28,1,FALSE,TRUE
TransactionMediatorFactory.java,4,0,0,5,12,4,0,5,3,0.666666667,47,1,1,0,0.555555556,0,0,10.5,0.75,2,0,0,0,0,0,0,0,0,0,170.14,0,FALSE,FALSE
StreamResultBuilderFactory.java,2,1,0,6,4,1,1,5,2,2,11,0,0,0,0.666666667,0,0,4.5,0.5,1,0,0,0,0,0,0,0,0,0,205.85,0,FALSE,FALSE
SynapseXpathVariableResolver.java,2,1,0,4,2,1,3,1,2,2,2,0,0,0,0.75,0,0,0,1,1,0,0,0,0,0,0,0,0,0,77.28,0,FALSE,FALSE
PayloadHelper.java,23,1,0,19,70,143,2,18,22,0.878787879,525,0,4,0,0.181818182,0,0,21.43478261,2.217391304,5,2,1,8,6,2,1.5,2,10,7,24.28,2,FALSE,TRUE
DynamicLoadbalanceFaultHandler.java,4,0,1,6,5,6,2,4,4,2,7,0,0,0,0.4375,0,0,0.75,0.75,1,55,37,17,17,46,26,2,72,37,26.28,1,TRUE,TRUE
SendMediatorFactory.java,4,0,0,8,16,2,0,8,3,0.666666667,74,1,3,0,0.555555556,0,0,16.75,1.25,4,0,0,0,0,0,0,0,0,0,214.42,0,FALSE,FALSE
GlobalRequestCountHandler.java,2,0,0,6,9,1,0,6,2,2,18,0,0,0,0.75,0,0,8,0.5,1,0,0,0,0,0,0,0,0,0,172.14,0,FALSE,FALSE
Axis2HttpRequest.java,22,1,0,31,90,117,6,25,18,0.846153846,844,0.846153846,7,0,0.147186147,0,0,36.77272727,1,3,62,60,37,35,16,6.66,3,99,95,30.28,3,TRUE,TRUE
ProxyService.java,75,1,0,59,208,2457,14,47,67,0.957915058,1824,0.942857143,9,0,0.091591592,0,0,22.85333333,2.026666667,63,30,16,47,25,96,25.8,5,77,26,26.28,1,FALSE,TRUE
EnqueueMediatorSerializer.java,4,0,0,7,21,4,0,7,3,0.666666667,98,0,0,0,0.666666667,0,0,23.25,1.5,5,4,4,3,3,3,3,1,7,7,-60.42,1,FALSE,FALSE
AbstractDBMediatorFactory.java,10,0,2,13,64,29,3,10,1,0.805555556,665,0,12,0,0.6,0,0,64.3,4.6,28,0,0,0,0,0,0,0,0,0,221.14,0,FALSE,FALSE
SynapseEventingConstants.java,1,1,0,0,2,0,0,0,1,2,8,0,0,0,1,0,0,3,0,0,0,0,0,0,0,0,0,0,0,179,0,FALSE,FALSE
EnrichMediatorFactory.java,7,0,0,14,46,9,0,14,2,0.846153846,388,0.461538462,8,0,0.361111111,0,0,52.57142857,5.714285714,17,4,3,3,2,4,3.5,2,7,5,-58.14,1,FALSE,TRUE
MatchEvaluator.java,8,1,0,8,15,8,2,6,7,0.714285714,63,1,2,0,0.3,0,0,6.5,0.875,1,0,0,0,0,0,0,0,0,0,118.85,0,FALSE,FALSE
EncodingHelper.java,4,1,0,8,19,0,1,7,2,0.333333333,93,1,1,0,0.416666667,0,0,22,1.75,6,0,0,0,0,0,0,0,0,0,106.28,0,FALSE,FALSE
DispatcherHelper.java,1,1,0,9,1,0,9,0,1,2,1,0,0,0,1,0,0,0,1,1,26,26,0,0,38,38,1,26,26,25,1,FALSE,FALSE
IdentityKeyStoreWrapper.java,7,0,0,10,12,21,7,3,7,2,58,0,0,0,0.571428571,0,0,7.285714286,1.285714286,2,0,0,0,0,0,0,0,0,0,106.28,0,FALSE,FALSE
ErrorLog.java,10,1,0,6,15,27,6,0,10,0.833333333,62,1,0,0,0.5,0,0,4.8,0.9,1,0,0,0,0,0,0,0,0,0,119.14,0,FALSE,FALSE
MessageProcessor.java,9,1,0,12,9,36,9,3,9,2,9,0,0,0,0.444444444,0,0,0,1,1,0,0,0,0,0,0,0,0,0,68.71,0,FALSE,FALSE
SynapseEventFilter.java,1,1,0,2,1,0,1,1,1,2,1,0,0,0,1,0,0,0,1,1,0,0,0,0,0,0,0,0,0,179,0,FALSE,FALSE
CalloutMediatorSerializer.java,3,0,0,11,25,3,0,11,3,2,151,0,0,0,0.666666667,0,0,49.33333333,4,11,69,19,25,12,10,5.62,8,94,31,22.14,1,FALSE,TRUE
LocalEntryDeployer.java,6,0,0,10,34,0,0,10,5,0.2,451,1,1,0,0.65,0,0,74,3.166666667,5,0,0,0,0,0,0,0,0,0,120.71,0,FALSE,FALSE
FIXClient.java,6,1,0,15,46,15,0,15,3,2,424,0,0,0,0.25,0,0,69.66666667,1.166666667,3,0,0,0,0,0,0,0,0,0,216,0,FALSE,FALSE
WSDLEndpointSerializer.java,2,0,0,13,18,1,1,13,1,2,98,0,0,0,0.75,0,0,48,3,6,4,4,5,5,46,46,1,9,9,26.28,1,TRUE,TRUE
DefaultTaskTriggerFactory.java,3,1,0,10,31,1,1,9,2,0.5,154,1,1,0,0.75,0,0,49.66666667,3.666666667,11,28,28,36,36,8,8,1,64,64,-59.42,1,FALSE,TRUE
TaskConstants.java,1,1,0,0,2,0,0,0,1,2,6,0,0,0,1,0,0,3,0,0,0,0,0,0,0,0,0,0,0,165.85,0,FALSE,FALSE
SEDAQueueConsumerWorkerFactory.java,2,1,0,5,4,0,2,4,2,0,22,1,2,0,0.625,0,0,9,0.5,1,0,0,0,0,0,0,0,0,0,147.42,0,FALSE,FALSE
ResponseAcceptEncodingProcessor.java,3,1,0,4,14,1,1,3,2,1.166666667,83,1,1,0,0.5,0,0,25.66666667,3.333333333,10,0,0,0,0,0,0,0,0,0,207.28,0,FALSE,FALSE
LoadbalanceAlgorithmFactory.java,4,1,0,10,23,4,3,7,3,0.333333333,125,1,1,0,0.555555556,0,0,30,1.75,6,0,0,0,0,0,0,0,0,0,206.42,0,FALSE,FALSE
ServerManagerViewMBean.java,8,1,0,1,8,28,1,0,8,2,8,0,0,0,0.5625,0,0,0,1,1,0,0,0,0,0,0,0,0,0,167.28,0,FALSE,FALSE
SessionInformation.java,14,1,0,9,16,43,8,1,14,0.884615385,99,1,1,0,0.342857143,0,0,5.5,0.928571429,2,0,0,0,0,0,0,0,0,0,191.14,0,FALSE,FALSE
MediatorPropertySerializer.java,6,1,0,14,25,7,1,13,5,0.56,138,1,5,0,0.44,0,0,21.16666667,1.666666667,6,0,0,0,0,0,0,0,0,0,108.71,0,FALSE,FALSE
OutMediator.java,3,0,0,7,16,3,2,5,3,2,55,0,0,0,0.833333333,0,0,17.33333333,1.666666667,4,5,5,0,0,96,96,1,5,5,-57.14,1,FALSE,TRUE
PKCS8KeyStoreLoader.java,5,1,0,6,39,2,1,5,2,0.821428571,334,1,1,0,0.5,0,0,64.4,2.4,10,0,0,0,0,0,0,0,0,0,106.28,0,FALSE,FALSE
PriorityExecutor.java,19,1,0,21,37,97,14,8,18,0.861111111,259,1,3,0,0.210526316,0,0,12.10526316,1.368421053,4,0,0,0,0,0,0,0,0,0,120.71,0,FALSE,FALSE
SynapseBinaryDataSource.java,6,1,0,6,15,0,3,3,6,0.5,64,1,1,0,0.458333333,0,0,9.333333333,0.666666667,1,0,0,0,0,0,0,0,0,0,215.85,0,FALSE,FALSE
MatchFactory.java,2,0,0,8,12,1,1,7,2,2,37,0,0,0,0.75,0,0,17.5,0.5,1,0,0,0,0,0,0,0,0,0,120.71,0,FALSE,FALSE
DOOMSourceBuilder.java,3,1,0,6,8,3,1,5,3,2,16,0,0,0,0.666666667,0,0,4.333333333,0.666666667,1,3,3,3,3,7,7,1,6,6,-0.85,1,FALSE,TRUE
SwitchCase.java,10,1,0,9,22,11,3,6,9,0.703703704,92,1,2,0,0.259259259,0,0,7.9,1.2,3,0,0,2,2,16,16,1,2,2,-60.28,1,TRUE,FALSE
LoggingNHttpClientHandler.java,11,1,0,13,39,0,1,12,10,0.1,320,1,2,0,0.272727273,0,0,27.90909091,1.818181818,3,18,18,18,18,65,51.5,2,36,36,-59,1,TRUE,FALSE
UserDefinedWSDLLocator.java,1,1,0,3,1,0,1,2,1,2,1,0,0,0,1,0,0,0,1,1,0,0,0,0,0,0,0,0,0,61.71,0,FALSE,FALSE
PriorityExecutorSerializer.java,3,1,0,15,30,3,3,12,2,2,190,0,0,0,0.416666667,0,0,62.33333333,3.333333333,8,0,0,0,0,0,0,0,0,0,120.71,0,FALSE,FALSE
LogMediatorFactory.java,4,0,0,6,20,2,0,6,3,1.142857143,171,0.571428571,4,0,0.555555556,0,0,38.25,3.75,14,0,0,0,0,0,0,0,0,0,193.14,0,FALSE,FALSE
HttpGetRequestProcessor.java,2,1,0,11,2,1,5,7,2,2,2,0,0,0,0.555555556,0,0,0,1,1,0,0,0,0,0,0,0,0,0,74.28,0,FALSE,FALSE
AbstractDBMediator.java,23,0,2,31,108,181,8,24,16,0.850649351,882,1,2,0,0.186956522,0,0,37.04347826,1.826086957,7,72,65,16,13,7,3.66,3,88,78,26.28,1,FALSE,TRUE
WSDLEndpoint.java,12,0,0,9,29,58,4,5,12,0.909090909,102,1,1,0,0.375,0,0,7.166666667,1.333333333,4,0,0,0,0,0,0,0,0,0,220,0,FALSE,FALSE
AXIOMUtils.java,2,1,0,5,5,1,1,4,1,2,20,0,0,0,0.5,0,0,9,1,2,0,0,0,0,0,0,0,0,0,213.42,0,FALSE,FALSE
MBeanRepository.java,4,1,0,3,4,6,3,0,4,2,4,0,0,0,0.666666667,0,0,0,1,1,0,0,0,0,0,0,0,0,0,110.14,0,FALSE,FALSE
XMLToEndpointMapper.java,4,1,0,7,7,4,1,6,2,0.666666667,31,1,1,0,0.444444444,0,0,6.5,0.75,2,0,0,0,0,0,0,0,0,0,213.85,0,FALSE,FALSE
FailoverEndpointFactory.java,4,0,0,8,23,4,1,8,1,0.666666667,102,1,1,0,0.416666667,0,0,24.25,2,7,0,0,0,0,0,0,0,0,0,213.85,0,FALSE,FALSE
CalloutMediator.java,22,0,0,29,73,137,2,27,20,0.883116883,607,0.818181818,3,0,0.265151515,0,0,26.09090909,1.954545455,17,358,155,148,112,10,5.62,8,506,267,22.14,1,FALSE,TRUE
PolicyInfo.java,14,1,0,3,15,0,3,0,14,0.723076923,126,0.6,1,0,0.446428571,0,0,7.642857143,1.428571429,4,0,0,0,0,0,0,0,0,0,219.71,0,FALSE,FALSE
WeightedRoundRobin.java,17,1,0,19,48,70,3,19,14,0.911458333,456,1,5,0,0.1953125,0,0,25.11764706,2.117647059,10,5,5,1,1,46,46,1,6,6,26.28,1,TRUE,TRUE
ConnectionsView.java,26,1,0,6,53,255,4,5,15,0.96,534,1,0,0,0.163461538,0,0,18.73076923,1.461538462,7,0,0,0,0,0,0,0,0,0,98.28,0,FALSE,FALSE
SynapseException.java,5,4,0,144,9,10,143,1,5,1.25,36,1,0,1,0.7,0,0,6,0,0,0,0,0,0,0,0,0,0,0,205.71,0,FALSE,FALSE
EvaluatorContext.java,13,1,0,18,22,44,16,2,13,0.833333333,158,1,1,0,0.442307692,0,0,10.76923077,1,2,0,0,0,0,0,0,0,0,0,120.71,0,FALSE,FALSE
Startup.java,3,1,0,17,3,3,14,3,3,2,3,0,0,0,0.666666667,0,0,0,1,1,0,0,0,0,0,0,0,0,0,118.57,0,FALSE,FALSE
MediatorFaultHandler.java,6,0,0,12,20,0,6,7,4,0.533333333,106,1,3,0,0.4,0,0,16.16666667,0.833333333,2,0,0,0,0,0,0,0,0,0,193.14,0,FALSE,FALSE
FilterMediator.java,19,0,0,12,45,69,2,10,19,0.801587302,545,1,3,0,0.190789474,0,0,27.31578947,2.368421053,19,10,10,0,0,96,96,1,10,10,-57.14,1,FALSE,TRUE
OutMediatorSerializer.java,3,0,0,6,14,3,0,6,3,2,41,0,0,0,0.666666667,0,0,12.66666667,1,2,0,0,0,0,0,0,0,0,0,93.28,0,FALSE,FALSE
SynapseArtifactDeploymentStore.java,17,1,0,7,39,0,4,3,16,0.6375,307,1,1,0,0.9375,0,0,16.76470588,1.411764706,3,14,14,7,7,7,7,1,21,21,26.28,1,FALSE,TRUE
EventSubscriber.java,4,1,0,15,42,6,0,15,3,2,649,0,0,0,0.25,0,0,161.25,1.25,3,0,0,0,0,0,0,0,0,0,179,0,FALSE,FALSE
InvokeMediator.java,7,0,0,10,30,0,2,8,6,0.5,125,1,0,0,0.464285714,0,0,16.57142857,1.571428571,5,12,7,7,4,17,10,3,19,11,26.28,1,TRUE,TRUE
SynapseConfigUtils.java,28,1,0,58,150,246,23,37,22,0.703703704,1655,0.5,1,0,0.084175084,0,0,58.03571429,3.821428571,15,47,28,2,1,46,16.66,3,49,28,26.28,1,TRUE,TRUE
IEntrySerializer.java,1,1,0,3,1,0,1,2,1,2,1,0,0,0,1,0,0,0,1,1,29,29,0,0,46,46,1,29,29,26.28,1,TRUE,TRUE
SourceBuilder.java,2,1,0,9,2,1,8,1,2,2,2,0,0,0,0.75,0,0,0,1,1,0,0,0,0,0,0,0,0,0,205.85,0,FALSE,FALSE
TemplateFactory.java,4,1,0,10,25,2,4,6,2,0.5,125,0,1,0,0.5,0,0,29.75,2.5,9,1,1,4,4,7,7,1,5,5,-61,1,FALSE,FALSE
DataSourceRepositoryHolder.java,9,1,0,13,24,12,3,10,6,0.666666667,137,1,5,0,0.375,0,0,13.55555556,1.777777778,9,0,0,0,0,0,0,0,0,0,110.28,0,FALSE,FALSE
URLTextRetriever.java,5,1,0,8,25,0,1,7,4,0.5,93,1,2,0,0.5,0,0,17.2,0.8,2,0,0,0,0,0,0,0,0,0,94.71,0,FALSE,FALSE
InMediatorFactory.java,4,0,0,5,9,4,0,5,3,0.666666667,31,1,1,0,0.555555556,0,0,6.5,0.5,1,0,0,0,0,0,0,0,0,0,214.42,0,FALSE,FALSE
ListenerContext.java,20,1,0,23,67,122,4,19,14,0.879699248,518,0.928571429,8,0,0.236842105,0,0,24.2,1.05,4,41,18,63,55,65,16.55,9,104,62,25.71,4,TRUE,TRUE
ConnectionsViewMBean.java,12,1,0,1,12,66,1,0,12,2,12,0,0,0,1,0,0,0,1,1,0,0,0,0,0,0,0,0,0,98.28,0,FALSE,FALSE
DropMediatorSerializer.java,3,0,0,6,12,3,0,6,3,2,36,0,0,0,0.666666667,0,0,11,1,2,0,0,0,0,0,0,0,0,0,214.42,0,FALSE,FALSE
EndpointViewMBean.java,41,1,0,1,41,820,1,0,41,2,41,0,0,0,1,0,0,0,1,1,0,0,0,0,0,0,0,0,0,191.14,0,FALSE,FALSE
IterateMediatorSerializer.java,3,0,0,12,26,3,0,12,3,2,112,0,0,0,0.666666667,0,0,36.33333333,3.666666667,10,5,2,5,2,46,20.66,3,10,4,26.28,2,TRUE,TRUE
ForwardingJob.java,5,1,0,20,44,8,0,20,2,0.75,337,1,1,0,0.35,0,0,66.2,1.6,4,43,30,57,44,17,8,5,100,74,25.14,2,TRUE,TRUE
HessianMessageFormatter.java,12,1,0,19,52,36,0,19,6,0.545454545,325,1,1,0,0.309090909,0,0,26,1.166666667,3,0,0,0,0,0,0,0,0,0,219.14,0,FALSE,FALSE
DefaultConsumer.java,3,1,0,5,7,0,1,4,2,0.5,24,1,1,0,0.666666667,0,0,6.333333333,0.333333333,1,0,0,0,0,0,0,0,0,0,147.42,0,FALSE,FALSE
RegistryEntryImpl.java,19,1,0,5,34,103,1,4,18,0.87037037,203,1,1,0,0.481481481,0,0,9.210526316,0.947368421,2,2,2,2,2,2,2,1,4,4,-60.14,1,FALSE,FALSE
PRRNextQueueAlgorithm.java,3,1,0,4,8,0,2,2,3,0.375,98,1,0,0,0.666666667,0,0,30.33333333,2.666666667,7,0,0,0,0,0,0,0,0,0,120.71,0,FALSE,FALSE
InMemoryDataSourceRepository.java,8,1,0,12,32,0,3,9,7,0.476190476,139,1,2,0,0.392857143,0,0,16,1.875,5,0,0,0,0,0,0,0,0,0,160,0,FALSE,FALSE
ResultBuilderFactory.java,1,1,0,7,1,0,4,3,1,2,1,0,0,0,1,0,0,0,1,1,0,0,0,0,0,0,0,0,0,205.85,0,FALSE,FALSE
InputStreamConsumer.java,8,1,0,2,17,14,1,1,8,0.428571429,195,1,0,0,0.541666667,0,0,22.75,0.875,1,0,0,0,0,0,0,0,0,0,213.14,0,FALSE,FALSE
CacheMediatorSerializer.java,3,0,0,11,31,3,0,11,3,2,220,0,0,0,0.666666667,0,0,72.33333333,4.333333333,12,0,0,0,0,0,0,0,0,0,213.28,0,FALSE,FALSE
AbstractSynapseObserver.java,17,1,1,13,32,0,1,12,17,0,302,1,1,0,0.242647059,0,0,16.70588235,0.941176471,1,0,0,0,0,0,0,0,0,0,149.28,0,FALSE,FALSE
SynapseMediator.java,2,0,0,6,15,1,2,4,2,2,67,0,0,0,0.75,0,0,32.5,3,6,0,0,0,0,0,0,0,0,0,193.14,0,FALSE,FALSE
Base64EncodeFunction.java,4,1,0,9,22,0,1,8,2,1,155,0.666666667,1,0,0.466666667,0,0,37,0.5,1,0,0,0,0,0,0,0,0,0,108.85,0,FALSE,FALSE
PriorityExecutorFactory.java,8,1,0,14,41,22,3,11,2,0.771428571,425,0.1,10,0,0.285714286,0,0,50.875,0.875,2,0,0,0,0,0,0,0,0,0,120.71,0,FALSE,FALSE
AccessConstants.java,2,1,0,2,3,1,2,0,1,1.166666667,71,0,0,0,1,0,0,31.5,0,0,64,59,5,4,17,10,3,69,59,26.14,1,TRUE,TRUE
DetachMediatorFactory.java,5,0,0,7,17,6,0,7,4,0.625,74,1,2,0,0.666666667,0,0,13.4,1,3,0,0,0,0,0,0,0,0,0,167.71,0,FALSE,FALSE
ResourceMap.java,5,1,0,23,27,0,17,6,4,0.5,163,1,1,0,0.583333333,0,0,31.2,1.4,5,0,0,0,0,0,0,0,0,0,158.42,0,FALSE,FALSE
SequenceMediatorSerializer.java,4,0,0,16,28,4,6,10,4,2,149,0,0,0,0.4375,0,0,36.25,2.75,6,0,0,0,0,0,0,0,0,0,214.42,0,FALSE,FALSE
PlainClientIOEventDispatch.java,2,0,0,9,6,1,1,8,1,2,17,0,0,0,0.625,0,0,7.5,0.5,1,28,28,14,14,65,51.5,2,42,42,-59,1,TRUE,FALSE
ValueFactory.java,8,1,0,17,23,26,8,9,4,0.785714286,200,1,2,0,0.714285714,0,0,23.75,2.125,6,2,2,1,1,6,6,1,3,3,-60.42,1,FALSE,FALSE
SecretRepository.java,4,1,0,4,4,6,4,0,4,2,4,0,0,0,0.5,0,0,0,1,1,0,0,0,0,0,0,0,0,0,106.28,0,FALSE,FALSE
AbstractRegistry.java,8,1,1,10,44,20,1,9,6,0.785714286,337,1,1,0,0.428571429,0,0,40.875,4.875,34,1,1,4,2,17,9.5,2,5,3,20.28,1,TRUE,TRUE
PerUserIPViewStrategy.java,3,0,0,2,6,3,0,2,3,2,19,0,0,0,0.666666667,0,0,5.333333333,0.666666667,1,0,0,0,0,0,0,0,0,0,168,0,FALSE,FALSE
MiscellaneousUtil.java,7,1,0,9,42,0,6,3,4,0.166666667,310,1,1,0,0.277777778,0,0,43.14285714,4.142857143,10,0,0,0,0,0,0,0,0,0,106.28,0,FALSE,FALSE
SequenceMediator.java,18,0,0,49,51,95,37,14,18,0.848739496,430,1,1,0,0.240740741,0,0,22.5,2.611111111,29,5,5,0,0,96,96,1,5,5,-57.14,1,FALSE,TRUE
HttpCoreNIOSSLSender.java,8,0,0,16,60,16,1,16,1,0.428571429,557,1,1,0,0.285714286,0,0,68.5,0.75,1,52,26,36,11,65,29.8,5,88,35,-59,1,TRUE,TRUE
ConnectionPool.java,6,1,0,8,37,3,2,6,4,0.5,295,1,1,0,0.3,0,0,47.83333333,2.666666667,9,14,14,14,14,7,7,1,28,28,-61.71,1,FALSE,FALSE
GetPropertyFunction.java,6,1,0,19,72,0,1,18,4,0.6,687,0.75,3,0,0.3,0,0,112.8333333,9,49,49,23,7,4,5,3.25,4,56,24,24.28,3,TRUE,TRUE
IndirectEndpointSerializer.java,2,0,0,10,9,1,1,10,1,2,40,0,0,0,0.75,0,0,19,1.5,3,0,0,0,0,0,0,0,0,0,213.28,0,FALSE,FALSE
TemplateEndpointFactory.java,3,0,0,5,22,1,1,5,2,0.5,158,0,0,0,0.625,0,0,51.33333333,3.666666667,11,0,0,0,0,0,0,0,0,0,64.85,0,FALSE,FALSE
ResultBuilder.java,3,1,0,9,3,3,8,1,3,2,3,0,0,0,0.666666667,0,0,0,1,1,0,0,0,0,0,0,0,0,0,205.85,0,FALSE,FALSE
RegistryFactory.java,6,1,0,7,28,5,1,6,2,0.55,165,0.25,4,0,0.32,0,0,25.83333333,1.333333333,4,2,2,1,1,2,2,1,3,3,-61.14,1,FALSE,TRUE
Wire.java,11,1,0,3,29,49,2,1,10,0.05,249,1,1,0,0.393939394,0,0,21.45454545,1.636363636,7,0,0,0,0,0,0,0,0,0,138.42,0,FALSE,FALSE
APISerializer.java,3,1,0,13,18,1,2,11,2,0.5,124,1,1,0,0.5,0,0,40,2,6,76,63,4,3,38,14.25,4,80,63,25,2,FALSE,TRUE
Identifiable.java,1,1,0,2,1,0,2,0,1,2,1,0,0,0,1,0,0,0,1,1,0,0,0,0,0,0,0,0,0,167.85,0,FALSE,FALSE
SynapseXPathSerializer.java,6,1,0,30,24,13,21,9,3,0.4,105,1,1,0,0.5,0,0,16.33333333,1.333333333,3,0,0,0,0,0,0,0,0,0,221.14,0,FALSE,FALSE
EvaluatorException.java,2,3,0,38,4,1,38,0,2,2,11,0,0,1,0.833333333,0,0,4.5,0,0,0,0,0,0,0,0,0,0,0,120.71,0,FALSE,FALSE
AndFactory.java,3,1,0,8,23,1,1,8,2,0,87,1,1,0,0.555555556,0,0,27.66666667,0.666666667,1,0,0,0,0,0,0,0,0,0,120.71,0,FALSE,FALSE
DBPoolView.java,10,1,0,4,18,7,3,1,10,0.694444444,100,1,0,0,0.5,0,0,8.6,1.2,4,0,0,0,0,0,0,0,0,0,118.14,0,FALSE,FALSE
OrSerializer.java,2,0,0,8,9,1,1,7,2,2,35,0,0,0,0.666666667,0,0,16.5,0.5,1,3,3,2,2,10,10,1,5,5,-58.28,1,FALSE,TRUE
AbstractMessageStore.java,17,1,1,7,32,106,1,6,15,0.95,156,1,3,0,0.305882353,0,0,7.588235294,1.294117647,3,1,1,0,0,1,1,1,1,1,22.14,1,FALSE,FALSE
SimpleLoggingObserver.java,1,0,0,2,3,0,0,2,1,2,8,0,0,0,1,0,0,7,0,0,0,0,0,0,0,0,0,0,0,147.28,0,FALSE,FALSE
AccessLogger.java,7,1,0,5,30,0,2,3,3,0.633333333,308,0.9,1,0,0.333333333,0,0,41.57142857,2.857142857,10,230,227,4,4,9,6,2,234,227,26.14,1,FALSE,TRUE
PayloadFactoryMediatorSerializer.java,3,0,0,12,26,3,0,12,3,1.5,127,1,0,0,0.666666667,0,0,39.33333333,3,8,97,97,0,0,5,5,1,97,97,26,1,FALSE,TRUE
ConfigurationMigrator.java,4,1,0,0,19,6,0,0,3,1.333333333,193,1,0,0,0.333333333,0,0,47,1.25,3,0,0,0,0,0,0,0,0,0,107.57,0,FALSE,FALSE
SynapseCommonsException.java,5,4,0,16,10,10,15,1,5,1.25,35,1,0,1,0.7,0,0,5.8,0,0,0,0,0,0,0,0,0,0,0,160,0,FALSE,FALSE
SamplingProcessorView.java,5,1,0,2,11,0,1,2,4,0.25,60,0.5,1,0,0.625,0,0,10.6,1.8,3,18,18,16,16,6,6,1,34,34,26.28,1,FALSE,FALSE
SwitchMediator.java,10,0,0,10,38,0,2,8,10,0.518518519,244,1,2,0,0.3,0,0,23.1,2.2,10,1,1,1,1,96,96,1,2,2,-57.14,1,FALSE,TRUE
ScheduledMessageProcessor.java,8,0,2,19,43,2,2,17,6,0.734693878,350,0.714285714,2,0,0.416666667,0,0,41.875,2.375,6,16,14,20,20,8,4.66,3,36,34,26.28,1,FALSE,TRUE
MiscellaneousUtil.java,8,1,0,9,46,0,6,3,5,0.142857143,385,1,1,0,0.261904762,0,0,47,4.5,10,0,0,0,0,0,0,0,0,0,160,0,FALSE,FALSE
JmxInformationFactory.java,5,1,0,7,39,8,1,6,1,0.5,290,1,1,0,0.416666667,0,0,56.8,4.4,12,0,0,0,0,0,0,0,0,0,160,0,FALSE,FALSE
ErrorLogFactory.java,4,1,0,8,21,0,2,6,3,0.333333333,108,1,1,0,0.333333333,0,0,25.5,1.5,3,0,0,0,0,0,0,0,0,0,119.14,0,FALSE,FALSE
VFSTransportListener.java,22,0,0,35,147,95,1,35,2,0.941798942,1470,0.666666667,2,0,0.2,0,0,65.40909091,3.227272727,48,55,44,51,35,4,2,4,106,79,25.14,3,FALSE,TRUE
DataSourceInformationSerializer.java,3,1,0,3,51,3,1,2,2,2,469,0,0,0,0.333333333,0,0,155.3333333,4.333333333,10,0,0,0,0,0,0,0,0,0,159.85,0,FALSE,FALSE
AndSerializer.java,2,0,0,8,9,1,1,7,2,2,35,0,0,0,0.666666667,0,0,16.5,0.5,1,3,3,2,2,10,10,1,5,5,-58.28,1,FALSE,TRUE
DBLookupMediatorFactory.java,4,0,0,5,9,4,0,5,3,0.666666667,31,1,1,0,0.555555556,0,0,6.5,0.5,1,0,0,0,0,0,0,0,0,0,214.42,0,FALSE,FALSE
WeightedRoundRobinView.java,3,1,0,2,6,0,1,2,3,0,23,1,1,0,0.555555556,0,0,6.333333333,0.666666667,1,2,2,2,2,46,46,1,4,4,26.28,1,TRUE,TRUE
AbstractRESTProcessor.java,5,1,2,6,12,4,2,4,1,0.75,38,1,1,0,0.55,0,0,6.2,0.8,1,66,66,0,0,38,38,1,66,66,25,1,FALSE,FALSE
Aggregate.java,22,2,0,7,48,131,2,7,20,0.87012987,386,1,3,0.130434783,0.151515152,0,0,16.04545455,1.772727273,13,0,0,0,0,0,0,0,0,0,219,0,FALSE,FALSE
MediatorWorker.java,5,1,0,8,18,0,2,6,3,0.5,171,1,4,0,0.5,0,0,32.4,1.8,5,0,0,0,0,0,0,0,0,0,171.28,0,FALSE,FALSE
SEDAMediatorFactory.java,4,0,0,7,17,4,0,7,3,0.666666667,53,1,1,0,0.555555556,0,0,12,1,3,0,0,0,0,0,0,0,0,0,147.42,0,FALSE,FALSE
MDDConsumer.java,6,1,0,0,27,15,0,0,4,2,125,0,0,0,0.333333333,0,0,19.83333333,1.166666667,3,0,0,0,0,0,0,0,0,0,179.14,0,FALSE,FALSE
ProtocolException.java,1,3,0,2,2,0,2,0,1,2,6,1,0,1,1,0,0,4,0,0,0,0,0,0,0,0,0,0,0,213.14,0,FALSE,FALSE
ConditionalRouterMediatorFactory.java,4,0,0,12,33,2,0,12,3,0.666666667,210,1,7,0,0.555555556,0,0,49.75,2.75,10,0,0,0,0,0,0,0,0,0,108.14,0,FALSE,FALSE
PropertyMediatorFactory.java,4,0,0,10,28,4,0,10,3,0.666666667,266,1,5,0,0.555555556,0,0,64.25,5.75,22,0,0,0,0,0,0,0,0,0,221.14,0,FALSE,FALSE
ServerContextInformation.java,16,1,0,19,21,78,17,5,16,0.866666667,113,1,5,0,0.2109375,0,0,5.625,0.9375,2,0,0,22,22,6,6,1,22,22,-60.28,1,FALSE,TRUE
XpathExtensionUtil.java,12,1,0,12,43,60,3,9,5,0.909090909,239,1,1,0,0.193181818,0,0,18.66666667,1.666666667,5,3,3,4,4,17,17,1,7,7,20.28,1,TRUE,FALSE
SwitchMediatorSerializer.java,3,0,0,13,27,3,0,13,3,2,123,0,0,0,0.666666667,0,0,40,2.666666667,7,0,0,0,0,0,0,0,0,0,221,0,FALSE,FALSE
MediatorSerializerFinder.java,7,1,0,11,28,0,5,6,3,0.625,306,1,2,0,0.333333333,0,0,42.14285714,1,3,6,3,4,2,25,16.66,3,10,4,26,2,FALSE,TRUE
ClientHandler.java,31,1,0,72,231,249,4,70,15,0.893650794,2209,0.666666667,10,0,0.136842105,0,0,69.58064516,4.967741935,35,53,17,52,25,65,20.37,8,105,40,26.14,2,TRUE,TRUE
FailoverEndpointSerializer.java,2,0,0,11,16,1,1,11,1,2,67,0,0,0,0.75,0,0,32.5,2,4,3,3,3,3,46,46,1,6,6,26.28,1,TRUE,TRUE
SEDAQueueProducer.java,3,1,0,6,15,0,1,5,2,0.625,86,1,3,0,0.625,0,0,26.33333333,1.666666667,5,0,0,0,0,0,0,0,0,0,147.42,0,FALSE,FALSE
BlockingMessageSender.java,9,1,0,30,64,6,3,27,7,0.839285714,350,0.714285714,3,0,0.35,0,0,37.11111111,1.111111111,3,28,27,15,14,6,4.33,3,43,41,26.28,2,FALSE,TRUE
DefaultInMemorySubscriptionManager.java,17,1,0,11,57,60,0,11,14,0.833333333,330,1,2,0,0.3375,0,0,18.05882353,1.058823529,3,2,2,1,1,2,2,1,3,3,6.57,1,FALSE,FALSE
ClassMediatorFactory.java,4,0,0,8,29,4,0,8,3,0.666666667,141,1,1,0,0.555555556,0,0,34,1.75,6,8,8,1,1,8,8,1,9,9,17.28,1,FALSE,FALSE
UnboundedMessageQueue.java,7,1,0,3,13,9,1,2,7,0.5,47,1,0,0,0.571428571,0,0,5.571428571,1,2,0,0,0,0,0,0,0,0,0,108,0,FALSE,FALSE
MediatorFactoryFinder.java,10,1,0,17,40,3,7,10,5,0.6,453,1,2,0,0.222222222,0,0,43.8,1.8,7,5,3,3,1,25,16.66,3,8,4,26,2,FALSE,TRUE
UUIDGenerator.java,4,1,0,0,31,0,0,0,2,0.5,179,1,0,0,0.333333333,0,0,42.75,2,4,0,0,0,0,0,0,0,0,0,88.85,0,FALSE,FALSE
MessageStoreDeployer.java,6,0,0,11,34,0,0,11,5,0.2,482,1,1,0,0.65,0,0,79.16666667,3.166666667,6,0,0,0,0,0,0,0,0,0,59,0,FALSE,FALSE
StockQuoteCallback.java,5,1,0,9,16,10,1,8,5,2,50,0,0,0,0.533333333,0,0,9,0.8,1,0,0,0,0,0,0,0,0,0,216.57,0,FALSE,FALSE
EqualFactory.java,2,0,0,8,11,1,1,7,2,2,36,0,0,0,0.75,0,0,17,0.5,1,0,0,0,0,0,0,0,0,0,120.71,0,FALSE,FALSE
AnnotatedCommandMediator.java,6,0,0,13,59,13,1,12,3,0.7,589,1,0,0,0.4,0,0,96.5,4.833333333,11,0,0,0,0,0,0,0,0,0,221.14,0,FALSE,FALSE
EvaluatorFactoryFinder.java,6,1,0,14,23,9,6,11,3,0.6,106,1,2,0,0.466666667,0,0,16.16666667,0.666666667,1,0,0,0,0,0,0,0,0,0,120.71,0,FALSE,FALSE
AlgorithmContext.java,7,1,0,15,20,0,11,4,6,0.740740741,153,1,2,0,0.361111111,0,0,19.57142857,1.571428571,4,2,2,13,13,46,46,1,15,15,26.28,1,TRUE,TRUE
URLMappingBasedDispatcher.java,3,1,0,8,23,1,1,8,2,0.5,170,1,1,0,0.666666667,0,0,55.33333333,4.333333333,13,87,87,0,0,38,38,1,87,87,25,1,FALSE,FALSE
ServerManagerView.java,10,1,0,5,29,0,1,5,9,0.5,203,1,2,0,0.407407407,0,0,19.1,0.8,1,0,0,0,0,0,0,0,0,0,167.28,0,FALSE,FALSE
KeyStoreWrapper.java,11,1,2,15,29,21,8,7,4,0.425,244,1,2,0,0.545454545,0,0,20.81818182,1.909090909,4,0,0,0,0,0,0,0,0,0,106.28,0,FALSE,FALSE
StockQuoteHandler.java,12,1,0,7,40,64,1,6,11,0.818181818,429,1,0,0,0.236363636,0,0,34.66666667,1.166666667,3,1,1,1,1,12,12,1,2,2,-15.57,1,FALSE,TRUE
JBossEncryptionSecretCallbackHandler.java,4,0,0,8,16,4,0,8,1,0.833333333,48,1,0,0,0.444444444,0,0,10.5,0.5,1,0,0,0,0,0,0,0,0,0,106.28,0,FALSE,FALSE
TaskSchedulerFactory.java,3,1,0,3,10,1,1,2,1,0.5,42,1,0,0,0.5,0,0,12.66666667,1.333333333,4,0,0,0,0,0,0,0,0,0,188.28,0,FALSE,FALSE
FtpFileNameParser.java,7,0,0,10,21,4,1,9,5,1,88,1,2,0,0.416666667,0,0,11.28571429,0.5,1,75,75,0,0,3,3,1,75,75,25,1,FALSE,FALSE
CipherTool.java,14,1,0,23,76,71,0,23,1,1.022624434,734,1,1,0,0.205128205,0,0,50.21428571,2.571428571,10,0,0,0,0,0,0,0,0,0,106.28,0,FALSE,FALSE
DataSourceFactory.java,5,1,0,10,86,4,2,8,1,0.25,334,1,1,0,0.3125,0,0,65.6,5,23,0,0,0,0,0,0,0,0,0,160,0,FALSE,FALSE
SendMediator.java,8,0,0,12,33,0,2,10,8,0.428571429,174,1,2,0,0.3,0,0,20.5,2.25,10,5,5,0,0,96,96,1,5,5,-57.14,1,FALSE,TRUE
URITemplateBasedDispatcher.java,2,1,0,7,19,1,1,7,2,2,68,0,0,0,0.666666667,0,0,33,1.5,3,50,50,0,0,38,38,1,50,50,25,1,FALSE,FALSE
Axis2TransportHelper.java,9,1,0,12,35,0,1,11,8,0.1875,373,1,2,0,0.5625,0,0,40.22222222,2.666666667,4,0,0,0,0,0,0,0,0,0,161.71,0,FALSE,FALSE
XMLConfigConstants.java,2,1,0,12,5,1,10,2,1,1.68,147,0,15,0,1,0,0,47.5,0,0,7,4,2,2,38,19.33,3,9,4,25,3,FALSE,TRUE
OrFactory.java,3,1,0,8,23,1,1,8,2,0,87,1,1,0,0.555555556,0,0,27.66666667,0.666666667,1,0,0,0,0,0,0,0,0,0,120.71,0,FALSE,FALSE
ExtensionDeployer.java,10,0,0,14,65,19,0,14,6,0.666666667,364,1,2,0,0.277777778,0,0,35.2,0.8,1,1,1,1,1,7,7,1,2,2,26.28,1,FALSE,TRUE
HessianMessageBuilder.java,4,1,0,16,27,0,0,16,2,0.333333333,164,1,1,0,0.666666667,0,0,39.75,0.5,1,0,0,0,0,0,0,0,0,0,219.14,0,FALSE,FALSE
JmxInformation.java,19,1,0,4,24,141,3,1,19,0.925925926,134,1,1,0,0.284210526,0,0,5.578947368,1,2,0,0,0,0,0,0,0,0,0,110.14,0,FALSE,FALSE
ValueSerializer.java,3,1,0,16,16,1,8,8,2,0.5,76,1,2,0,0.625,0,0,23.66666667,1.333333333,4,0,0,0,0,0,0,0,0,0,69,0,FALSE,FALSE
EndpointDefinitionSerializer.java,2,1,0,13,39,0,3,10,2,0,465,1,1,0,0.666666667,0,0,231,17,34,11,10,24,10,46,24.33,3,35,17,26.28,1,TRUE,TRUE
TemplateDeployer.java,6,0,0,16,52,0,0,16,5,0.2,845,1,1,0,0.65,0,0,139.6666667,5.333333333,10,7,5,7,5,17,12,2,14,10,26.28,1,TRUE,TRUE
NotFactory.java,3,1,0,8,17,1,1,8,2,0,56,1,1,0,0.555555556,0,0,17.33333333,0.666666667,1,0,0,0,0,0,0,0,0,0,120.71,0,FALSE,FALSE
FIXSessionFactory.java,18,1,0,36,78,0,3,33,12,0.720588235,959,1,5,0,0.254901961,0,0,51.83333333,2.111111111,7,73,71,18,18,3,2.5,2,91,89,24.28,1,FALSE,TRUE
SecretCallbackHandlerFactory.java,6,1,0,7,21,9,2,5,3,0.4,109,1,1,0,0.35,0,0,17,1.333333333,5,0,0,0,0,0,0,0,0,0,106.28,0,FALSE,FALSE
AXIOMResultBuilderFactory.java,2,1,0,5,4,1,0,5,2,2,9,0,0,0,0.666666667,0,0,3.5,0.5,1,0,0,0,0,0,0,0,0,0,198.71,0,FALSE,FALSE
RewriteAction.java,13,1,0,8,29,36,3,5,12,0.939393939,173,0.545454545,2,0,0.263888889,0,0,11.46153846,0.846153846,1,4,4,1,1,2,2,1,5,5,-57.85,1,FALSE,TRUE
CipherInformation.java,16,1,0,11,20,100,7,4,15,0.940740741,93,0.888888889,4,0,0.366666667,0,0,4.25,1,3,0,0,0,0,0,0,0,0,0,106.28,0,FALSE,FALSE
Registry.java,13,1,0,14,13,78,11,3,13,2,13,0,0,0,0.296703297,0,0,0,1,1,0,0,0,0,0,0,0,0,0,218.14,0,FALSE,FALSE
ConditionFactory.java,3,1,0,10,22,1,1,9,2,0,72,1,1,0,0.555555556,0,0,22.66666667,0.666666667,1,0,0,0,0,0,0,0,0,0,120.71,0,FALSE,FALSE
DiscountQuoteMediator.java,10,0,0,7,29,23,0,7,9,0.805555556,150,1,1,0,0.361111111,0,0,13.6,0.9,2,2,2,2,2,12,12,1,4,4,-15.57,1,FALSE,TRUE
Value.java,11,1,0,37,36,0,27,10,9,0.62,266,1,2,0,0.3,0,0,22.72727273,2.090909091,6,64,37,4,2,20,10,4,68,39,32,4,TRUE,TRUE
ProxyServiceFactory.java,5,1,0,16,72,0,2,14,2,0.25,734,1,1,0,0.3,0,0,145.6,11,53,0,0,6,6,25,25,1,6,6,-70.28,1,FALSE,FALSE
SynapseSubscription.java,2,0,0,7,9,1,4,3,2,2,31,0,0,0,0.75,0,0,14.5,0,0,0,0,0,0,0,0,0,0,0,179,0,FALSE,FALSE
LoadbalanceEndpointFactory.java,5,0,0,12,44,2,1,12,1,0.625,238,1,2,0,0.4375,0,0,46.2,3.4,11,0,0,0,0,0,0,0,0,0,213.85,0,FALSE,FALSE
Axis2FlexibleMEPClient.java,7,1,0,44,128,19,1,43,3,0.833333333,1002,1,1,0,0.222222222,0,0,142,2.714285714,8,103,71,113,51,96,14.2,10,216,122,36.71,3,TRUE,TRUE
HttpSessionDispatcher.java,9,0,0,13,40,30,4,9,6,1.125,433,0.666666667,0,0,0.62962963,0,0,46.77777778,4,13,129,128,2,1,46,23.5,2,131,129,26.28,1,TRUE,TRUE
PropertyTextRetriever.java,3,1,0,5,6,0,2,3,3,0,25,1,0,0,0.555555556,0,0,7,0.666666667,1,0,0,0,0,0,0,0,0,0,90.57,0,FALSE,FALSE
ClientConnectionDebug.java,10,0,0,13,30,17,4,10,10,0.848484848,359,1,1,0,0.28,0,0,33.8,1.5,4,0,0,0,0,0,0,0,0,0,119,0,FALSE,FALSE
SamplingThrottleMediator.java,24,0,0,18,58,148,3,16,15,0.894409938,262,1,2,0,0.143518519,0,0,9.625,1.333333333,5,3,3,2,2,3,3,1,5,5,-60.42,1,FALSE,FALSE
SyslogConstants.java,2,1,0,1,4,1,1,0,0,1.833333333,18,0,1,0,1,0,0,5,0,0,0,0,0,0,0,0,0,0,0,213.14,0,FALSE,FALSE
SynapseLog.java,13,1,0,47,13,78,47,0,13,2,13,0,0,0,0.480769231,0,0,0,1,1,0,0,0,0,0,0,0,0,0,206,0,FALSE,FALSE
LoadBalanceMembershipHandler.java,6,1,0,10,6,15,6,4,6,2,6,0,0,0,0.333333333,0,0,0,1,1,0,0,0,0,0,0,0,0,0,206.85,0,FALSE,FALSE
AbstractSynapseArtifactDeployer.java,22,0,11,32,84,175,11,21,9,0.714285714,743,1,3,0,0.25,0,0,32.63636364,1,3,50,39,27,16,7,3,3,77,55,26.28,1,FALSE,TRUE
AbstractFileName.java,60,1,4,46,60,415,40,6,48,0.896551724,1334,1,1,0,0.195833333,1,1,21.08333333,2.366666667,18,490,490,0,0,3,3,1,490,490,25,1,FALSE,FALSE
ValidateMediatorSerializer.java,3,0,0,15,31,3,0,15,3,2,143,0,0,0,0.666666667,0,0,46.66666667,3,8,0,0,0,0,0,0,0,0,0,221,0,FALSE,FALSE
TrustKeyStoreInformation.java,3,0,0,9,11,3,7,2,3,2,35,0,0,0,1,0,0,10.66666667,1,2,0,0,0,0,0,0,0,0,0,106.28,0,FALSE,FALSE
SOAPUtils.java,7,1,0,25,81,1,2,23,4,0.41025641,718,1,10,0,0.291666667,0,0,99.71428571,2,6,16,16,16,16,2,2,1,32,32,-66.71,1,FALSE,TRUE
SecretManagerAdminMBean.java,2,1,0,1,2,1,1,0,2,2,2,0,0,0,1,0,0,0,1,1,0,0,0,0,0,0,0,0,0,106.28,0,FALSE,FALSE
SamplingJob.java,4,1,0,11,17,4,1,11,2,0.666666667,95,1,1,0,0.5,0,0,22.5,0.5,1,0,0,0,0,0,0,0,0,0,68.14,0,FALSE,FALSE
HessianUtils.java,6,1,0,1,10,15,1,0,1,2,193,0,0,0,0.416666667,0,0,31.16666667,0.833333333,1,0,0,0,0,0,0,0,0,0,218,0,FALSE,FALSE
SequenceMediatorFactory.java,5,0,0,16,22,6,6,10,4,0.75,128,1,1,0,0.666666667,0,0,24.4,1.6,4,0,0,0,0,0,0,0,0,0,214.42,0,FALSE,FALSE
DropMediator.java,2,0,0,11,16,1,5,6,2,2,45,0,0,0,0.75,0,0,21.5,2.5,5,5,5,0,0,96,96,1,5,5,-57.14,1,FALSE,TRUE
FileObjectDataSource.java,6,1,0,6,13,0,1,5,6,0.5,43,1,1,0,0.444444444,0,0,5.833333333,0.833333333,1,3,2,3,2,4,3,2,6,4,25.14,2,FALSE,FALSE
XMLToTemplateMapper.java,2,1,0,9,10,1,1,8,2,2,52,0,0,0,0.666666667,0,0,25,2,4,0,0,0,0,0,0,0,0,0,64.14,0,FALSE,FALSE
SALoadbalanceEndpoint.java,11,0,0,16,58,17,4,13,8,0.6,466,1,1,0,0.261363636,0,0,41.18181818,3.909090909,10,15,12,2,2,96,86,2,17,12,-57.14,1,FALSE,TRUE
NhttpMetricsCollector.java,7,0,0,8,19,0,6,2,7,0.333333333,91,1,1,0,0.392857143,0,0,11.71428571,1.285714286,3,2,2,2,2,5,5,1,4,4,9.14,1,FALSE,FALSE
SynapseXPathFunctionContext.java,2,1,0,8,8,0,1,7,2,0,53,1,2,0,0.625,0,0,24.5,0.5,1,0,0,0,0,0,0,0,0,0,220.57,0,FALSE,FALSE
ScriptMediatorFactory.java,5,0,0,8,21,6,0,8,3,0.625,158,1,2,0,0.583333333,0,0,30.2,2,6,7,4,9,6,5,3.5,2,16,9,-58.28,2,FALSE,TRUE
RecipientListEndpointFactory.java,5,0,0,12,42,2,1,12,1,0.666666667,260,1,3,0,0.4375,0,0,50.4,3.8,13,200,173,33,20,46,14.25,4,233,173,30.14,2,TRUE,TRUE
AbstractConnectionDebug.java,5,1,2,5,22,6,2,3,1,0.84375,168,1,2,0,0.625,0,0,31,2.2,9,2,2,3,3,1,1,1,5,5,38.85,1,FALSE,FALSE
AbstractSecretCallbackHandler.java,4,1,6,12,12,4,6,6,1,0.666666667,86,1,1,0,0.4375,0,0,20.25,2.75,7,0,0,0,0,0,0,0,0,0,106.28,0,FALSE,FALSE
DynamicLoadbalanceEndpoint.java,25,0,0,30,119,202,5,27,12,0.869047619,732,1,4,0,0.145833333,0,0,28,2.48,10,206,192,73,37,46,17.66,3,279,224,26.28,2,TRUE,TRUE
JlineSecretCallbackHandler.java,3,0,0,3,10,3,0,3,1,1.5,47,1,0,0,0.555555556,0,0,14.33333333,2,5,0,0,0,0,0,0,0,0,0,106.28,0,FALSE,FALSE
DataSourceConstants.java,1,1,0,0,2,0,0,0,1,2,58,0,0,0,1,0,0,3,0,0,0,0,0,0,0,0,0,0,0,115.42,0,FALSE,FALSE
ResolvingEndpoint.java,5,0,0,15,22,0,3,12,4,0.25,120,1,1,0,0.36,0,0,22.8,2,6,5,4,3,2,2,2,2,8,6,26.28,1,FALSE,TRUE
TaskScheduler.java,17,1,0,20,57,0,4,16,14,0.660714286,680,0.857142857,4,0,0.194444444,0,0,38.58823529,2.647058824,8,40,38,12,10,8,3.33,3,52,48,24.85,2,FALSE,TRUE
DefinitionFactory.java,1,1,0,7,1,0,5,2,1,2,1,0,0,0,1,0,0,0,1,1,0,0,0,0,0,0,0,0,0,57.85,0,FALSE,FALSE
FtpFileProvider.java,10,0,1,18,20,8,3,17,6,1.0625,233,0,1,0,0.5,0,0,21.9,0.6,1,129,129,0,0,3,3,1,129,129,25,1,FALSE,FALSE
Statement.java,6,1,0,7,12,1,5,2,6,0.666666667,55,1,0,0,0.555555556,0,0,7.666666667,0.833333333,1,0,0,0,0,0,0,0,0,0,221.14,0,FALSE,FALSE
TemplateMediatorSerializer.java,5,0,0,9,25,4,1,8,2,2,109,0,0,0,0.4,0,0,20.8,1.4,3,16,13,13,10,13,10,2,29,23,-10,2,FALSE,TRUE
URIFragments.java,9,1,0,3,20,0,3,0,9,0.95,142,0.2,0,0,0.416666667,0,0,13.66666667,0.888888889,2,0,0,0,0,0,0,0,0,0,92.71,0,FALSE,FALSE
SecretResolver.java,10,1,0,13,27,3,6,7,8,0.6,165,1,2,0,0.518518519,0,0,15,2,4,0,0,0,0,0,0,0,0,0,106.28,0,FALSE,FALSE
TaskDescriptionFactory.java,6,1,0,9,57,3,1,8,2,1.066666667,347,1,1,0,0.32,0,0,55.83333333,4.666666667,25,0,0,0,0,0,0,0,0,0,188.28,0,FALSE,FALSE
SecretResolverFactory.java,5,1,0,7,34,10,3,4,4,2,295,0,0,0,0.228571429,0,0,58,6,11,0,0,0,0,0,0,0,0,0,106.28,0,FALSE,FALSE
Parser.java,5,1,0,10,29,0,2,8,4,0.166666667,177,1,2,0,0.36,0,0,33.8,1,3,0,0,0,0,0,0,0,0,0,120.71,0,FALSE,FALSE
LoadbalanceAlgorithm.java,8,1,0,19,8,28,15,4,8,2,8,0,0,0,0.375,0,0,0,1,1,3,3,1,1,46,46,1,4,4,26.28,1,TRUE,TRUE
XSLTMediator.java,22,0,0,33,113,99,2,31,18,0.863492063,949,0.8,5,0,0.173553719,0,0,41.45454545,2.909090909,26,2,2,0,0,1,1,1,2,2,36.71,1,FALSE,TRUE
SimpleQuartzSerializer.java,2,1,0,10,12,1,0,10,2,2,53,0,0,0,0.666666667,0,0,25.5,2.5,5,0,0,0,0,0,0,0,0,0,188.28,0,FALSE,FALSE
URLRewriteMediator.java,9,0,0,9,34,12,2,7,8,0.666666667,165,1,0,0,0.388888889,0,0,17,1.555555556,4,0,0,0,0,0,0,0,0,0,92.71,0,FALSE,FALSE
DataSourceInformationRepositoryListener.java,3,1,0,5,3,3,4,1,3,2,3,0,0,0,0.666666667,0,0,0,1,1,0,0,0,0,0,0,0,0,0,115.42,0,FALSE,FALSE
LoggingNHttpServerConnection.java,13,0,0,19,37,16,3,18,7,0.821428571,218,1,5,0,0.2,0,0,15.23076923,1,2,19,11,7,7,65,24,3,26,15,24,1,FALSE,TRUE
XMLConfigurationSerializer.java,3,1,0,5,9,1,0,5,2,0.5,24,1,1,0,0.5,0,0,6.666666667,0.333333333,1,0,0,0,0,0,0,0,0,0,213.14,0,FALSE,FALSE
AsyncCallback.java,10,1,0,7,11,35,4,3,10,0.851851852,43,1,1,0,0.266666667,0,0,3,0.9,1,0,0,0,0,0,0,0,0,0,213.42,0,FALSE,FALSE
AspectConfigurable.java,2,1,0,6,2,1,5,1,2,2,2,0,0,0,0.75,0,0,0,1,1,0,0,0,0,0,0,0,0,0,168,0,FALSE,FALSE
AbstractListMediator.java,10,0,8,16,35,0,8,8,10,0,187,1,0,0,0.283333333,0,0,17.6,1.5,3,23,20,5,3,96,86,2,28,23,-57.14,1,FALSE,TRUE
SimpleClientSessionDispatcher.java,7,0,0,10,16,9,3,7,6,0.5,50,1,1,0,0.833333333,0,0,6,0.714285714,1,0,0,0,0,0,0,0,0,0,220,0,FALSE,FALSE
SecretInformationFactory.java,4,1,0,11,20,6,3,8,2,1,97,1,1,0,0.444444444,0,0,23,1.5,5,0,0,0,0,0,0,0,0,0,106.28,0,FALSE,FALSE
SourceBuilderFactory.java,1,1,0,6,1,0,4,2,1,2,1,0,0,0,1,0,0,0,1,1,0,0,0,0,0,0,0,0,0,205.85,0,FALSE,FALSE
VFSConstants.java,1,1,0,0,2,0,0,0,1,2,41,0,0,0,1,0,0,3,0,0,13,11,7,6,4,3.5,2,20,17,-58.14,2,FALSE,TRUE
DropMediatorFactory.java,4,0,0,4,8,4,0,4,3,0.666666667,27,1,1,0,0.555555556,0,0,5.5,0.5,1,0,0,0,0,0,0,0,0,0,214.42,0,FALSE,FALSE
CloneMediatorSerializer.java,3,0,0,10,18,3,0,10,3,2,71,0,0,0,0.666666667,0,0,22.66666667,2,5,2,2,4,4,17,17,1,6,6,20.28,1,TRUE,FALSE
ExecutorConstants.java,1,1,0,0,2,0,0,0,1,2,22,0,0,0,1,0,0,3,0,0,0,0,0,0,0,0,0,0,0,120.71,0,FALSE,FALSE
MessageStoreViewMBean.java,5,1,0,1,5,10,1,0,5,2,5,0,0,0,0.7,0,0,0,1,1,0,0,0,0,0,0,0,0,0,89.14,0,FALSE,FALSE
Condition.java,5,1,0,4,6,0,3,1,5,0.5,30,1,1,0,0.466666667,0,0,4.6,0.8,1,0,0,0,0,0,0,0,0,0,120.71,0,FALSE,FALSE
ScriptMediator.java,15,0,0,18,73,0,2,16,8,0.708333333,877,1,5,0,0.333333333,0,0,56.66666667,2.266666667,9,34,30,3,3,5,4.5,2,37,33,26,2,FALSE,TRUE
BaseCipher.java,11,1,2,22,48,19,6,16,5,0.583333333,352,1,4,0,0.285714286,0,0,30.45454545,1.454545455,7,0,0,0,0,0,0,0,0,0,106.28,0,FALSE,FALSE
XPathBasedEventFilter.java,7,1,0,3,15,3,0,3,7,0.777777778,59,1,1,0,0.357142857,0,0,7,1.142857143,3,0,0,0,0,0,0,0,0,0,179,0,FALSE,FALSE
URLRewriteMediatorFactory.java,6,0,0,12,38,7,0,12,2,1.00952381,378,0.380952381,8,0,0.6,0,0,58.5,5.333333333,22,4,4,4,4,2,2,1,8,8,36.71,1,FALSE,TRUE
Handler.java,2,1,0,4,2,1,3,1,2,2,2,0,0,0,1,0,0,0,1,1,30,30,0,0,38,38,1,30,30,25,1,FALSE,FALSE
FIXUtils.java,21,1,0,31,127,196,3,28,15,0.9,1733,1,2,0,0.142307692,0,0,81.42857143,1.80952381,12,24,24,9,9,1,1,1,33,33,-61,1,FALSE,TRUE
TimeoutHandler.java,5,2,0,11,40,2,1,10,2,0.65625,254,1,3,0.5,0.5,0,0,48.2,2.6,10,0,0,0,0,0,0,0,0,0,208.28,0,FALSE,FALSE
TemplateSerializer.java,3,1,0,11,19,1,3,8,2,0.5,75,1,2,0,0.666666667,0,0,23.33333333,1,3,3,2,4,3,17,12,2,7,5,20.28,1,TRUE,FALSE
AspectConfiguration.java,5,1,0,19,6,0,17,2,5,0.5,36,1,0,0,0.6,0,0,5.8,1.2,2,0,0,0,0,0,0,0,0,0,168,0,FALSE,FALSE
SEDAQueue.java,9,1,0,5,19,26,4,3,7,0.875,85,1,2,0,0.375,0,0,7.888888889,1,3,0,0,0,0,0,0,0,0,0,147.42,0,FALSE,FALSE
FaultMediatorSerializer.java,3,0,0,11,41,3,0,11,3,1.5,278,1,0,0,0.666666667,0,0,90.66666667,6.666666667,19,0,0,0,0,0,0,0,0,0,221,0,FALSE,FALSE
SymmetricCipher.java,5,0,0,6,10,8,1,5,4,0.75,147,1,0,0,0.4,0,0,28.2,0.8,3,0,0,0,0,0,0,0,0,0,106.28,0,FALSE,FALSE
TaskJobDetailFactory.java,1,1,0,4,1,0,2,2,1,2,1,0,0,0,1,0,0,0,1,1,0,0,0,0,0,0,0,0,0,188.28,0,FALSE,FALSE
ClasspathURLStreamHandler.java,2,2,0,1,4,1,0,1,2,2,10,0,0,0.923076923,0.75,0,0,4,0.5,1,0,0,0,0,0,0,0,0,0,213.42,0,FALSE,FALSE
PropertyHelper.java,7,1,0,10,42,9,6,4,4,0.333333333,490,1,1,0,0.3,0,0,68.85714286,3.285714286,13,0,0,0,0,0,0,0,0,0,160,0,FALSE,FALSE
AddressEndpointFactory.java,5,0,0,10,23,8,1,9,2,0.75,101,1,1,0,0.4375,0,0,19,1.4,3,0,0,1,1,25,25,1,1,1,-70.28,1,FALSE,FALSE
SynapseConstants.java,2,1,0,36,6,1,33,3,1,1.987261146,173,0,2,0,1,0,0,7,0,0,24,7,12,6,25,9.6,5,36,13,35.71,2,FALSE,TRUE
DatasourceMBeanRepository.java,7,1,0,8,26,0,2,6,5,0.666666667,130,1,2,0,0.5,0,0,17,1.857142857,5,0,0,0,0,0,0,0,0,0,160,0,FALSE,FALSE
FailoverEndpoint.java,6,0,0,11,34,0,3,8,6,0.3,345,1,1,0,0.416666667,0,0,56.16666667,4.5,19,0,0,0,0,0,0,0,0,0,220,0,FALSE,FALSE
WSDL20EndpointBuilder.java,1,1,0,0,2,0,0,0,1,2,4,0,0,0,1,0,0,3,0,0,0,0,0,0,0,0,0,0,0,206.42,0,FALSE,FALSE
SecurityConstants.java,1,1,0,0,2,0,0,0,1,2,16,0,0,0,1,0,0,3,0,0,0,0,0,0,0,0,0,0,0,106.28,0,FALSE,FALSE
StatisticsConfigurable.java,3,1,0,9,3,3,9,0,3,2,3,0,0,0,1,0,0,0,1,1,0,0,0,0,0,0,0,0,0,167.85,0,FALSE,FALSE
ScriptMediatorSerializer.java,3,0,0,12,30,3,0,12,3,2,130,0,0,0,0.666666667,0,0,42.33333333,2,5,3,3,3,3,7,7,1,6,6,-0.85,1,FALSE,TRUE
SecretRepositoryProvider.java,1,1,0,5,1,0,2,3,1,2,1,0,0,0,1,0,0,0,1,1,0,0,0,0,0,0,0,0,0,106.28,0,FALSE,FALSE
DynamicLoadbalanceEndpointFactory.java,4,0,0,15,41,2,1,15,1,0.666666667,245,1,2,0,0.416666667,0,0,59.75,3,11,12,10,5,5,46,24.5,2,17,15,26.28,1,TRUE,TRUE
StockQuoteClient.java,8,1,0,19,68,28,0,19,4,2,592,0,0,0,0.15,0,0,73,1.5,4,14,10,33,30,25,13,2,47,34,39.14,2,FALSE,FALSE
SynapseXpathFunctionContextProvider.java,2,1,0,5,2,1,3,2,2,2,2,0,0,0,0.75,0,0,0,1,1,0,0,0,0,0,0,0,0,0,77.28,0,FALSE,FALSE
SynapseEventSource.java,26,0,0,43,93,199,13,32,13,0.816,694,1,2,0,0.169230769,0,0,25.5,0.923076923,1,0,0,0,0,0,0,0,0,0,179,0,FALSE,FALSE
Source.java,16,1,0,20,49,56,3,17,14,0.819047619,466,0.857142857,2,0,0.177777778,0,0,27.6875,0.875,1,14,6,70,29,7,3.75,4,84,35,36.71,3,FALSE,TRUE
SampleAxis2ServerManager.java,7,1,0,14,44,11,2,13,4,0.866666667,255,0.8,4,0,0.333333333,0,0,34.71428571,1.285714286,5,0,0,0,0,0,0,0,0,0,206.85,0,FALSE,FALSE
JmxSecretAuthenticator.java,2,1,0,2,10,0,1,1,2,0,80,1,1,0,0.666666667,0,0,38.5,3.5,7,0,0,0,0,0,0,0,0,0,159.85,0,FALSE,FALSE
AnonymousListMediator.java,2,0,0,8,4,1,6,2,2,2,9,0,0,0,0.75,0,0,3.5,0.5,1,0,0,0,0,0,0,0,0,0,206.28,0,FALSE,FALSE
EndpointFactory.java,15,1,9,35,60,91,17,27,5,0.757142857,352,0.6,4,0,0.233766234,0,0,22.13333333,2.333333333,12,20,6,2,2,46,14.5,4,22,6,30.14,3,TRUE,TRUE
RESTRequestHandler.java,4,1,0,9,25,0,1,8,2,0.333333333,117,1,1,0,0.833333333,0,0,28,2.75,6,89,89,0,0,38,38,1,89,89,25,1,FALSE,FALSE
EventSourceDeployer.java,6,0,0,12,33,0,0,12,5,0.2,520,1,1,0,0.65,0,0,85.5,3.833333333,9,0,0,0,0,0,0,0,0,0,120.71,0,FALSE,FALSE
SynapseTaskException.java,5,4,0,10,10,10,9,1,5,1.25,35,1,0,1,0.7,0,0,5.8,0,0,0,0,0,0,0,0,0,0,0,188.28,0,FALSE,FALSE
RoundRobin.java,12,1,0,8,28,42,1,7,11,0.727272727,220,1,1,0,0.345454545,0,0,17,1.416666667,5,25,25,8,8,46,46,1,33,33,26.28,1,TRUE,TRUE
DefaultTaskJobDetailFactory.java,3,1,0,8,20,1,1,7,2,0.5,107,1,1,0,0.625,0,0,34.33333333,3.666666667,11,13,13,19,19,8,8,1,32,32,-59.42,1,FALSE,TRUE
SALoadbalanceEndpointFactory.java,4,0,0,12,31,4,1,12,1,0.666666667,150,1,1,0,0.416666667,0,0,36.25,2,7,0,0,0,0,0,0,0,0,0,213.85,0,FALSE,FALSE
Task.java,1,1,0,5,1,0,5,0,1,2,1,0,0,0,1,0,0,0,1,1,0,0,0,0,0,0,0,0,0,188.28,0,FALSE,FALSE
RegistrySerializer.java,4,1,0,13,23,2,2,11,2,0.583333333,98,1,4,0,0.333333333,0,0,22.5,1.25,4,0,0,0,0,0,0,0,0,0,218.14,0,FALSE,FALSE
OMElementUtils.java,4,1,0,14,21,4,5,9,3,0.666666667,132,1,1,0,0.4,0,0,31.75,2.75,6,14,13,29,28,46,24,2,43,41,32,2,TRUE,TRUE
RepositoryBasedDataSourceFinder.java,6,1,0,6,11,1,2,4,4,0.6,55,1,2,0,0.466666667,0,0,7.666666667,1.166666667,3,0,0,0,0,0,0,0,0,0,160,0,FALSE,FALSE
AnonymousServiceFactory.java,6,1,0,20,42,9,1,19,2,1.04,302,0.8,2,0,0.366666667,0,0,47.66666667,2.666666667,10,113,107,98,36,25,13.66,3,211,143,-60.28,1,FALSE,TRUE
RESTUtil.java,6,1,0,21,54,15,2,19,5,2,335,0,0,0,0.5,0,0,54.83333333,0.833333333,1,35,34,1,1,76,70.5,2,36,34,-57.28,1,FALSE,TRUE
IKeyStoreLoader.java,1,1,0,3,1,0,3,0,1,2,1,0,0,0,1,0,0,0,1,1,0,0,0,0,0,0,0,0,0,106.28,0,FALSE,FALSE
ScriptMessageContext.java,62,1,0,25,138,0,1,24,62,0.467213115,471,1,2,0,0.1140553,0,0,6.564516129,1,2,1,1,7,7,5,5,1,8,8,-32.57,1,FALSE,FALSE
NextQueueAlgorithm.java,2,1,0,5,2,1,4,1,2,2,2,0,0,0,0.75,0,0,0,1,1,0,0,0,0,0,0,0,0,0,120.71,0,FALSE,FALSE
HessianConstants.java,1,1,0,0,2,0,0,0,1,2,11,0,0,0,1,0,0,3,0,0,0,0,0,0,0,0,0,0,0,219.14,0,FALSE,FALSE
PayloadFactoryMediatorFactory.java,6,0,0,10,37,11,0,10,3,0.8,189,1,3,0,0.5,0,0,30,2.166666667,7,132,132,0,0,5,5,1,132,132,26,1,FALSE,TRUE
DynamicAxisOperation.java,3,0,0,6,6,3,1,5,3,2,17,0,0,0,0.5,0,0,4.666666667,0.333333333,1,13,13,9,8,7,5.5,2,22,14,26.28,1,FALSE,TRUE
DefaultDispatcher.java,2,1,0,5,7,1,1,4,2,2,23,0,0,0,0.666666667,0,0,10.5,1,2,38,38,0,0,38,38,1,38,38,25,1,FALSE,FALSE
JMXSecretsProvider.java,9,1,0,5,19,14,1,4,5,0.5625,86,1,1,0,0.875,0,0,8.333333333,1.222222222,3,0,0,0,0,0,0,0,0,0,106.28,0,FALSE,FALSE
InvokeMediatorSerializer.java,4,0,0,11,27,4,0,11,2,1.333333333,104,0,0,0,0.4375,0,0,24.75,1.5,3,5,5,8,8,17,17,1,13,13,20.28,1,TRUE,FALSE
POXUtils.java,3,1,0,12,29,1,1,11,2,0.5,143,1,1,0,0.5,0,0,46.33333333,4,12,0,0,0,0,0,0,0,0,0,217.28,0,FALSE,FALSE
ProxyServiceDeployer.java,7,0,0,16,44,1,0,16,5,0.666666667,638,0.5,1,0,0.5,0,0,89.85714286,4,10,3,2,2,1,7,4,2,5,3,26.28,2,FALSE,TRUE
DataSourceInformationRepository.java,11,1,0,11,34,0,3,8,9,0.6,192,1,3,0,0.3,0,0,16.09090909,2.181818182,5,0,0,0,0,0,0,0,0,0,160,0,FALSE,FALSE
URITemplateHelper.java,3,1,0,7,6,0,3,4,3,0.5,31,1,1,0,0.666666667,0,0,8.666666667,0.666666667,1,48,48,0,0,38,38,1,48,48,25,1,FALSE,FALSE
Resource.java,31,0,0,27,83,329,9,18,25,0.896969697,831,1,4,0,0.216589862,0,0,25.4516129,3.032258065,25,432,427,5,5,38,21.5,2,437,427,25,1,FALSE,FALSE
Axis2SynapseController.java,35,1,0,60,207,71,0,60,14,0.816176471,1523,1,10,0,0.18907563,0,0,42.17142857,3.057142857,13,112,44,4,2,46,16.42,7,116,44,26.28,3,TRUE,TRUE
SpringCustomLogger.java,7,0,0,4,14,7,0,4,6,0.722222222,76,1,1,0,0.5,0,0,9.428571429,0.714285714,1,0,0,0,0,0,0,0,0,0,89.42,0,FALSE,FALSE
AbstractStartup.java,7,1,1,3,8,11,2,1,7,0.777777778,37,1,0,0,0.714285714,0,0,3.857142857,0.857142857,1,0,0,0,0,0,0,0,0,0,151,0,FALSE,FALSE
LoggingNHttpServiceHandler.java,10,1,0,11,35,0,1,10,10,0,312,1,2,0,0.3125,0,0,30,2.2,5,24,24,21,21,65,51.5,2,45,45,-59,1,TRUE,FALSE
RESTDispatcher.java,1,1,0,6,1,0,4,2,1,2,1,0,0,0,1,0,0,0,1,1,42,42,0,0,38,38,1,42,42,25,1,FALSE,FALSE
VFSUtils.java,9,0,0,14,56,22,2,12,7,0.708333333,333,1,1,0,0.203125,0,0,35.66666667,2,6,25,10,15,6,4,3,4,40,16,25.14,3,FALSE,TRUE
UnboundedQueue.java,16,3,0,2,28,22,1,1,16,0.733333333,140,1,0,0.583333333,0.3125,2,9,7.5625,1.125,2,0,0,0,0,0,0,0,0,0,120.71,0,FALSE,FALSE
IterateMediatorFactory.java,4,0,0,14,33,2,0,14,3,0.666666667,207,1,7,0,0.555555556,0,0,49,3,11,6,5,6,5,13,8,2,12,10,-10,2,FALSE,TRUE
SSLClientIOEventDispatch.java,4,0,0,11,18,4,1,10,2,0.666666667,64,1,0,0,0.464285714,0,0,14.75,1.25,3,123,79,60,31,65,36,3,183,110,-59,1,TRUE,FALSE
ResponseMessageBuilder.java,8,1,0,28,56,6,1,27,6,0.571428571,320,1,2,0,0.380952381,0,0,38.75,1,2,1,1,1,1,1,1,1,2,2,3.14,1,FALSE,TRUE
ConditionalRouterMediatorSerializer.java,3,0,0,15,30,3,0,15,3,2,119,0,0,0,0.666666667,0,0,38.66666667,3,8,0,0,0,0,0,0,0,0,0,108.14,0,FALSE,FALSE
ClientWorker.java,4,1,0,35,93,0,2,34,2,0.5,610,1,4,0,0.444444444,0,0,150,3,9,54,31,10,9,9,6,2,64,40,35.71,2,FALSE,TRUE
EndpointView.java,70,1,0,13,112,1479,9,8,63,0.956082565,1702,1,2,0,0.136876006,0,0,22.84285714,1.942857143,6,16,16,18,18,2,2,1,34,34,-7.57,1,FALSE,TRUE
TextProcessingEvaluatorSerializer.java,3,0,2,14,9,1,2,12,1,2,118,0,0,0,0.583333333,0,0,38.33333333,0.666666667,1,0,0,0,0,0,0,0,0,0,90.42,0,FALSE,FALSE
ServerHandler.java,22,1,0,61,152,29,5,58,18,0.896825397,1220,0.791666667,17,0,0.204761905,0,0,53.36363636,3.181818182,13,43,21,45,37,65,28.75,4,88,56,9.14,1,TRUE,FALSE
XMLToObjectMapper.java,1,1,0,12,1,0,11,1,1,2,1,0,0,0,1,0,0,0,1,1,0,0,0,0,0,0,0,0,0,89,0,FALSE,FALSE
CloneMediatorFactory.java,4,0,0,8,22,2,0,8,3,0.666666667,116,1,5,0,0.555555556,0,0,26.75,2,7,1,1,3,3,13,13,1,4,4,-10,1,FALSE,TRUE
SynapseXPath.java,10,0,0,103,68,43,82,22,7,0.888888889,446,1,1,0,0.277777778,0,0,43.4,1.8,9,24,17,2,2,96,50.5,2,26,17,-57.14,1,FALSE,TRUE
MessageStoreMediatorSerializer.java,3,0,0,7,16,3,0,7,2,1.5,84,1,0,0,0.666666667,0,0,26.33333333,2,5,1,1,4,4,46,46,1,5,5,26.28,1,TRUE,TRUE
TemplateContext.java,7,1,0,7,22,7,3,4,4,0.666666667,110,1,0,0,0.457142857,0,0,14.28571429,1.714285714,5,26,21,8,8,13,7.5,2,34,29,-10,1,FALSE,TRUE
MessageStoreSerializer.java,5,1,0,14,30,2,3,11,2,0.625,150,1,4,0,0.3125,0,0,28.2,2.2,8,0,0,0,0,0,0,0,0,0,89.14,0,FALSE,FALSE
SharedSecretCallbackHandler.java,2,0,0,6,8,0,0,6,1,0,32,1,1,0,0.75,0,0,14.5,1.5,3,0,0,0,0,0,0,0,0,0,106.28,0,FALSE,FALSE
JKSKeyStoreLoader.java,2,0,0,2,4,0,1,1,2,0,22,1,0,0,0.75,0,0,9,0.5,1,0,0,0,0,0,0,0,0,0,106.28,0,FALSE,FALSE
EventPublisherMediatorFactory.java,4,0,0,5,12,2,0,5,3,0.666666667,43,1,2,0,0.555555556,0,0,9.25,0.75,2,0,0,0,0,0,0,0,0,0,179,0,FALSE,FALSE
EnqueueMediatorFactory.java,4,0,0,5,16,2,0,5,3,0.666666667,95,0,4,0,0.555555556,0,0,21.75,2,7,2,2,2,2,3,3,1,4,4,23.71,1,FALSE,TRUE
SynapseConfigurationBuilder.java,5,1,0,14,52,4,1,13,3,0.625,245,0.5,1,0,0.3125,0,0,47.6,3.4,15,0,0,0,0,0,0,0,0,0,219.14,0,FALSE,FALSE
SynapseController.java,13,1,0,7,13,78,3,4,13,2,13,0,0,0,0.307692308,0,0,0,1,1,0,0,0,0,0,0,0,0,0,170.28,0,FALSE,FALSE
XQueryMediatorFactory.java,4,0,0,18,39,2,0,18,3,0.666666667,377,0.285714286,7,0,0.555555556,0,0,91.5,6.5,25,0,0,0,0,0,0,0,0,0,221.14,0,FALSE,FALSE
SecretCallbackHandler.java,1,1,0,10,1,0,9,1,1,2,1,0,0,0,1,0,0,0,1,1,0,0,0,0,0,0,0,0,0,106.28,0,FALSE,FALSE
PropertyMediatorSerializer.java,3,0,0,10,28,3,0,10,3,2,153,0,0,0,0.666666667,0,0,50,4.333333333,12,0,0,0,0,0,0,0,0,0,221,0,FALSE,FALSE
AsymmetricCipher.java,4,0,0,7,9,6,1,6,4,2,31,0,0,0,0.458333333,0,0,6.75,0.5,2,0,0,0,0,0,0,0,0,0,106.28,0,FALSE,FALSE
TransactionMediator.java,5,0,0,7,26,0,2,5,4,1.0625,231,0.375,0,0,0.533333333,0,0,43.6,2.6,10,4,4,0,0,96,96,1,4,4,-57.14,1,FALSE,TRUE
BinaryExtractMediator.java,16,0,0,9,39,68,0,9,15,0.866666667,219,1,1,0,0.366666667,0,0,12.25,0.875,1,0,0,0,0,0,0,0,0,0,179.14,0,FALSE,FALSE
GenericJMSClient.java,9,1,0,0,42,24,0,0,3,0.583333333,357,1,3,0,0.240740741,0,0,38.33333333,1.444444444,4,0,0,0,0,0,0,0,0,0,224.71,0,FALSE,FALSE
TextFileDataSource.java,12,0,0,14,28,54,1,13,12,0.590909091,115,1,1,0,0.21875,0,0,8.416666667,0.916666667,1,0,0,0,0,0,0,0,0,0,220,0,FALSE,FALSE
EventSender.java,4,1,0,13,34,6,0,13,3,2,197,0,0,0,0.25,0,0,48.25,1.25,3,0,0,0,0,0,0,0,0,0,179,0,FALSE,FALSE
EventSourceSerializer.java,2,1,0,16,29,1,3,13,2,2,212,0,0,0,0.5,0,0,105,4,8,0,0,0,0,0,0,0,0,0,179,0,FALSE,FALSE
TemplateMediator.java,13,0,0,17,34,46,11,6,11,0.791666667,166,1,0,0,0.307692308,0,0,11.46153846,1.384615385,3,9,8,8,7,13,10,2,17,15,-10,2,FALSE,TRUE
TemporaryData.java,11,1,0,7,36,0,3,6,7,0.6375,307,0.125,1,0,0.28,0,0,26.18181818,1.181818182,3,0,0,0,0,0,0,0,0,0,151.28,0,FALSE,FALSE
OutMediatorFactory.java,4,0,0,5,9,4,0,5,3,0.666666667,31,1,1,0,0.555555556,0,0,6.5,0.5,1,0,0,0,0,0,0,0,0,0,193.14,0,FALSE,FALSE
SecretManagerAdminMBeanImpl.java,3,2,0,4,8,0,1,3,3,0,20,1,1,0.956521739,1,0,0,5.333333333,0.666666667,1,0,0,0,0,0,0,0,0,0,160.14,0,FALSE,FALSE
LoggingUtils.java,5,1,0,19,13,10,4,15,4,1.25,57,0,0,0,0.275,0,0,9.8,1.2,2,9,7,9,8,65,35.66,3,18,15,24,1,TRUE,TRUE
SourceTextRetriever.java,2,1,0,15,2,1,13,2,2,2,2,0,0,0,0.75,0,0,0,1,1,0,0,0,0,0,0,0,0,0,94.71,0,FALSE,FALSE
SamplingProcessorViewMBean.java,3,1,0,1,3,3,1,0,3,2,3,0,0,0,1,0,0,0,1,1,18,18,16,16,38,38,1,34,34,25,1,FALSE,FALSE
MessageStore.java,16,1,0,22,16,120,17,5,16,2,16,0,0,0,0.25,0,0,0,1,1,0,0,0,0,0,0,0,0,0,89.14,0,FALSE,FALSE
CalloutMediatorFactory.java,4,0,0,8,29,2,0,8,3,0.666666667,266,1,8,0,0.555555556,0,0,63.5,4.75,18,75,20,18,6,10,5.62,8,93,26,22.14,1,FALSE,TRUE
KeyStoreType.java,4,2,0,4,7,4,3,1,2,0.933333333,67,0.2,5,0.866666667,0.444444444,1,1,14.5,0.5,1,0,0,0,0,0,0,0,0,0,106.28,0,FALSE,FALSE
POJOCommandMediatorFactory.java,5,0,0,10,35,6,0,10,3,1.027777778,435,1,3,0,0.45,0,0,84.2,7.4,30,0,0,0,0,0,0,0,0,0,221.14,0,FALSE,FALSE
ThrottleMediatorSerializer.java,3,0,0,10,21,3,0,10,3,2,150,0,0,0,0.666666667,0,0,49,4,11,0,0,0,0,0,0,0,0,0,171.28,0,FALSE,FALSE
XSLTMediatorSerializer.java,4,0,0,15,36,4,0,15,3,0.666666667,154,1,1,0,0.666666667,0,0,37.25,2.5,9,0,0,0,0,0,0,0,0,0,221,0,FALSE,FALSE
ThreadingView.java,39,1,0,9,76,587,5,7,15,0.918128655,671,1,1,0,0.180451128,0,0,15.74358974,1.615384615,6,0,0,0,0,0,0,0,0,0,98.28,0,FALSE,FALSE
AnnotatedCommandMediatorFactory.java,4,0,0,10,29,4,0,10,3,0.666666667,131,1,1,0,0.555555556,0,0,31.5,1.75,6,0,0,0,0,0,0,0,0,0,221.14,0,FALSE,FALSE
SALoadbalanceEndpointSerializer.java,2,0,0,16,25,1,1,16,1,2,152,0,0,0,0.75,0,0,75,4,8,4,4,4,4,46,46,1,8,8,26.28,1,TRUE,TRUE
Axis2LoadBalanceMembershipHandler.java,8,1,0,11,22,10,0,11,7,0.80952381,113,1,4,0,0.314285714,0,0,12.375,1.125,3,1,1,0,0,3,3,1,1,1,-61.14,1,FALSE,FALSE
SamplingThrottleMediatorFactory.java,4,0,0,8,26,2,0,8,3,0.666666667,215,1,6,0,0.555555556,0,0,51.25,2.25,8,0,0,0,0,0,0,0,0,0,108,0,FALSE,FALSE
AbstractMediatorSerializer.java,11,1,32,55,46,41,32,23,1,0.8,252,1,6,0,0.325,0,0,21.36363636,2.090909091,7,0,0,0,0,0,0,0,0,0,221.14,0,FALSE,FALSE
FaultMediatorFactory.java,4,0,0,9,42,2,0,9,3,0.848484848,443,1,8,0,0.555555556,0,0,107,7,27,0,0,0,0,0,0,0,0,0,221.14,0,FALSE,FALSE
ServerWorker.java,16,1,0,40,118,8,4,38,8,0.803508772,1110,1,9,0,0.173333333,0,0,67.1875,4.4375,40,21,19,7,5,17,9,2,28,24,36.85,2,TRUE,FALSE
ThrottleMediator.java,20,0,0,29,70,80,2,27,18,0.860902256,906,1,6,0,0.175,0,0,43.6,4.15,42,19,11,12,7,96,34.33,3,31,18,26,1,FALSE,TRUE
MessageStoreMediatorFactory.java,4,0,0,6,14,2,0,6,2,0.666666667,71,1,3,0,0.555555556,0,0,16,1.25,4,22,18,20,16,6,6,2,42,34,26.28,1,FALSE,FALSE
ThreadedClient.java,3,1,0,1,26,1,0,1,3,1.2,289,0.2,0,0,0.5,0,0,93.66666667,5.333333333,15,0,0,0,0,0,0,0,0,0,208.28,0,FALSE,FALSE
AggregateMediatorSerializer.java,4,0,0,12,31,4,0,12,3,0.666666667,176,0,0,0,0.666666667,0,0,42.75,3.25,12,0,0,0,0,0,0,0,0,0,221,0,FALSE,FALSE
ConfigurationFactoryAndSerializerFinder.java,13,1,0,14,44,14,2,12,8,0.625,380,1,2,0,0.154761905,0,0,27.76923077,1.615384615,4,0,0,0,0,0,0,0,0,0,172.28,0,FALSE,FALSE
EndpointDefinition.java,71,1,0,31,93,2265,27,4,71,0.97012987,570,1,2,0,0.164319249,0,0,6.563380282,1.112676056,4,0,0,44,44,25,25,1,44,44,-70.28,1,FALSE,FALSE
Replicator.java,5,1,0,10,18,0,3,7,3,0.25,124,1,1,0,0.4,0,0,23.6,2,5,0,0,0,0,0,0,0,0,0,207.28,0,FALSE,FALSE
SwitchMediatorFactory.java,4,0,0,13,27,2,0,13,3,0.666666667,169,1,3,0,0.555555556,0,0,40.5,1.5,5,0,0,0,0,0,0,0,0,0,221.14,0,FALSE,FALSE
UserDefinedXmlSchemaURIResolver.java,2,1,0,5,2,1,2,3,2,2,2,0,0,0,0.8,0,0,0,1,1,0,0,0,0,0,0,0,0,0,61.71,0,FALSE,FALSE
DOOMSourceBuilderFactory.java,2,1,0,5,4,1,1,4,2,2,9,0,0,0,0.75,0,0,3.5,0.5,1,0,0,0,0,0,0,0,0,0,205.85,0,FALSE,FALSE
MessageStoreFactory.java,6,1,0,9,32,0,2,7,2,0.666666667,175,0.333333333,6,0,0.28,0,0,27.16666667,1.5,4,0,0,0,0,0,0,0,0,0,89.14,0,FALSE,FALSE
SynapseServer.java,7,1,0,9,23,13,1,9,3,0.888888889,88,1,2,0,0.166666667,0,0,11.14285714,0.714285714,1,0,0,0,0,0,0,0,0,0,215.71,0,FALSE,FALSE
ResourceSerializer.java,3,1,0,14,27,1,1,13,2,0.5,208,1,1,0,0.5,0,0,68,5.333333333,16,103,100,3,3,38,21.5,2,106,100,25,1,FALSE,FALSE
InMediatorSerializer.java,3,0,0,6,14,3,0,6,3,2,41,0,0,0,0.666666667,0,0,12.66666667,1,2,0,0,0,0,0,0,0,0,0,214.42,0,FALSE,FALSE
EventPublisherMediator.java,5,0,0,8,12,0,2,6,4,0.5,41,1,1,0,0.5,0,0,6.8,0.8,2,0,0,0,0,0,0,0,0,0,179,0,FALSE,FALSE
StreamSourceBuilder.java,5,1,0,9,17,4,1,8,3,0.6875,90,1,3,0,0.35,0,0,16.2,1,3,0,0,0,0,0,0,0,0,0,205.85,0,FALSE,FALSE
DBLookupMediator.java,2,0,0,6,31,1,3,4,1,2,178,0,0,0,0.666666667,0,0,88,5.5,11,3,3,3,3,3,3,1,6,6,-58.42,1,FALSE,TRUE
SecretLoadingModule.java,3,1,0,3,10,0,1,2,3,0,54,1,0,0,0.555555556,0,0,16.66666667,1.666666667,3,0,0,0,0,0,0,0,0,0,106.28,0,FALSE,FALSE
Importance.java,4,1,0,4,4,6,4,0,4,2,4,0,0,0,0.5,0,0,0,1,1,0,0,0,0,0,0,0,0,0,120.71,0,FALSE,FALSE
MessageProcessorConsents.java,1,1,0,0,2,0,0,0,1,2,10,0,0,0,1,0,0,3,0,0,0,0,0,0,0,0,0,0,0,67.71,0,FALSE,FALSE
ICACertsLoader.java,1,1,0,2,1,0,2,0,1,2,1,0,0,0,1,0,0,0,1,1,0,0,0,0,0,0,0,0,0,106.28,0,FALSE,FALSE
EventSourceFactory.java,6,1,0,15,52,5,2,13,2,0.6,403,1,12,0,0.266666667,0,0,64.16666667,1.833333333,8,0,0,0,0,0,0,0,0,0,179,0,FALSE,FALSE
SEDAQueueConsumerPolicy.java,7,1,0,4,8,3,4,0,7,0.952380952,47,0.428571429,0,0,0.357142857,0,0,4.714285714,0.857142857,1,0,0,0,0,0,0,0,0,0,147.42,0,FALSE,FALSE
SynapseDispatcher.java,4,0,0,10,13,6,1,9,4,1.333333333,36,0,0,0,0.583333333,0,0,7.75,0.75,1,0,0,0,0,0,0,0,0,0,213.28,0,FALSE,FALSE
CacheMediator.java,27,0,0,29,94,201,2,27,24,0.858974359,779,1,2,0,0.154320988,0,0,27.40740741,1.444444444,11,133,133,104,104,4,4,1,237,237,26,1,FALSE,TRUE
SyslogMessageBuilder.java,3,1,0,13,29,1,0,13,2,0.5,368,1,1,0,0.625,0,0,120.6666667,0.333333333,1,0,0,0,0,0,0,0,0,0,213.14,0,FALSE,FALSE
EventPublisherMediatorSerializer.java,3,0,0,7,15,3,0,7,3,2,52,0,0,0,0.666666667,0,0,16.33333333,1.333333333,3,0,0,0,0,0,0,0,0,0,179,0,FALSE,FALSE
PKCS12KeyStoreLoader.java,2,0,0,2,4,0,1,1,2,0,22,1,0,0,0.75,0,0,9,0.5,1,0,0,0,0,0,0,0,0,0,106.28,0,FALSE,FALSE
CustomWSDLLocator.java,7,1,0,5,11,13,2,3,7,0.766666667,74,1,2,0,0.4,0,0,8.857142857,1,3,0,0,0,0,0,0,0,0,0,158.42,0,FALSE,FALSE
CacheMediatorFactory.java,5,0,0,9,42,4,0,9,3,0.803571429,385,1,12,0,0.4375,0,0,73.2,6.8,28,0,0,0,0,0,0,0,0,0,213.28,0,FALSE,FALSE
AbstractEndpoint.java,50,0,9,44,148,871,13,31,34,0.911989796,1134,0.9375,6,0,0.147959184,0,0,21.36,2.52,17,31,20,12,3,96,35.14,7,43,23,26.28,2,TRUE,TRUE
ResourceMapSerializer.java,3,1,0,11,15,1,3,8,2,0.5,50,1,1,0,0.5,0,0,15.33333333,1,3,0,0,0,0,0,0,0,0,0,213.85,0,FALSE,FALSE
EIPUtils.java,8,1,0,15,26,28,5,10,7,1,175,1,1,0,0.380952381,0,0,20.75,0.75,1,0,0,0,0,0,0,0,0,0,221.14,0,FALSE,FALSE
PasswordManager.java,12,1,0,8,21,14,3,5,8,0.590909091,96,1,3,0,0.484848485,0,0,6.666666667,0.916666667,2,0,0,0,0,0,0,0,0,0,106.28,0,FALSE,FALSE
LoggingNHttpClientConnection.java,13,0,0,19,37,16,3,18,7,0.821428571,218,1,5,0,0.2,0,0,15.23076923,1,2,16,8,7,7,65,24,3,23,15,24,1,FALSE,TRUE
AndEvaluator.java,5,1,0,5,7,4,2,3,5,0.5,43,1,1,0,0.466666667,0,0,7.4,0.8,1,0,0,0,0,0,0,0,0,0,118.85,0,FALSE,FALSE
MessageStoreMediator.java,9,0,0,15,30,22,2,13,8,0.791666667,130,1,0,0,0.388888889,0,0,13.11111111,2,8,20,18,19,16,7,4.66,3,39,34,27,2,FALSE,TRUE
DataSourceRepository.java,6,1,0,3,6,15,2,1,6,2,6,0,0,0,0.416666667,0,0,0,1,1,0,0,0,0,0,0,0,0,0,115.42,0,FALSE,FALSE
Evaluator.java,2,1,0,32,2,1,30,2,2,2,2,0,0,0,0.75,0,0,0,1,1,0,0,0,0,0,0,0,0,0,120.71,0,FALSE,FALSE
MultiXMLConfigurationSerializer.java,33,1,0,39,141,138,0,39,16,0.4375,1985,1,1,0,0.167763158,0,0,59.06060606,1.909090909,12,6,6,2,2,46,46,1,8,8,26.28,1,TRUE,TRUE
EnqueueMediator.java,9,0,0,13,28,2,2,11,8,0.6875,148,0.75,0,0,0.375,0,0,15,1.555555556,8,16,10,2,2,96,33.33,3,18,12,-57.14,2,FALSE,TRUE
SALSessions.java,21,1,0,18,84,0,8,13,10,0.7,1206,0.9,3,0,0.21,0,0,55.95238095,5.142857143,15,10,7,6,3,46,25,2,16,10,26.28,1,TRUE,TRUE
TaskDeployer.java,6,0,0,10,36,0,0,10,5,0.2,454,1,1,0,0.65,0,0,74.5,3,5,19,19,18,18,7,7,1,37,37,26.28,1,FALSE,TRUE
MessageProcessorFactory.java,5,1,0,8,31,2,2,6,2,0.607142857,212,0.285714286,6,0,0.333333333,0,0,40,3.4,13,22,21,8,7,46,25.5,2,30,28,26.28,2,TRUE,TRUE
IEntryFactory.java,1,1,0,3,1,0,1,2,1,2,1,0,0,0,1,0,0,0,1,1,29,29,0,0,46,46,1,29,29,26.28,1,TRUE,TRUE
Axis2Sender.java,5,1,0,25,49,8,3,22,3,0.25,201,1,1,0,0.3,0,0,39,4.4,20,3,2,8,7,6,5.5,2,11,9,-32.57,2,TRUE,FALSE
TemplateEndpointSerializer.java,2,0,0,10,21,0,1,10,2,0,134,1,1,0,0.75,0,0,65.5,2.5,5,3,2,3,2,46,31.5,2,6,4,26.28,1,TRUE,TRUE
SynapseArtifactDeploymentException.java,3,4,0,1,6,3,1,0,3,2,16,0,0,1,0.777777778,0,0,4.333333333,0,0,0,0,0,0,0,0,0,0,0,120.42,0,FALSE,FALSE
SynapseMediatorSerializer.java,3,0,0,6,14,3,0,6,3,2,41,0,0,0,0.666666667,0,0,12.66666667,1,2,0,0,0,0,0,0,0,0,0,93.28,0,FALSE,FALSE
DynamicLoadbalanceEndpointSerializer.java,2,0,0,17,29,1,1,17,1,2,195,0,0,0,0.75,0,0,96.5,4.5,9,0,0,0,0,0,0,0,0,0,144.85,0,FALSE,FALSE
MatchSerializer.java,2,0,0,11,13,1,1,10,2,2,45,0,0,0,0.666666667,0,0,21.5,0.5,1,3,3,2,2,10,10,1,5,5,-58.28,1,FALSE,TRUE
NotEvaluator.java,5,1,0,5,7,4,2,3,5,0.5,27,1,1,0,0.466666667,0,0,4.2,0.8,1,0,0,0,0,0,0,0,0,0,118.85,0,FALSE,FALSE
TaskManagementService.java,7,1,0,1,7,21,0,1,7,2,7,0,0,0,0.619047619,0,0,0,1,1,0,0,0,0,0,0,0,0,0,187.71,0,FALSE,FALSE
VFSOutTransportInfo.java,13,1,0,7,33,46,3,4,11,0.875,234,1,1,0,0.3,0,0,16.38461538,0.846153846,1,21,14,11,6,4,2,3,32,18,-58.28,2,FALSE,TRUE
StatisticsUpdateStrategy.java,2,1,0,9,22,0,2,7,2,0,228,1,1,0,0.6,0,0,112.5,13,26,0,0,0,0,0,0,0,0,0,167.85,0,FALSE,FALSE
MessageForwardingProcessorView.java,13,1,0,14,52,0,1,14,11,0.566666667,389,0.8,4,0,0.238095238,0,0,28.53846154,1.307692308,3,33,30,40,36,17,7.66,3,73,66,25.14,2,TRUE,TRUE
SynapseControllerFactory.java,8,1,0,7,38,8,1,6,2,0.142857143,243,1,1,0,0.285714286,0,0,29.25,1.75,5,0,0,0,0,0,0,0,0,0,170.28,0,FALSE,FALSE
SimpleQuartzFactory.java,6,1,0,11,26,5,1,11,4,0.6,84,0.5,2,0,0.466666667,0,0,12.66666667,1.166666667,4,0,0,0,0,0,0,0,0,0,206.28,0,FALSE,FALSE
AXIOMResultBuilder.java,5,1,0,4,7,4,1,3,5,0.25,25,1,1,0,0.6,0,0,3.8,0.8,1,10,10,6,6,1,1,1,16,16,-79,1,FALSE,FALSE
ServerConfigurationInformationFactory.java,10,1,0,9,42,15,2,7,5,0.333333333,449,1,1,0,0.206349206,0,0,43.8,2.9,6,0,0,0,0,0,0,0,0,0,170.28,0,FALSE,FALSE
StartupFinder.java,14,1,0,15,42,15,5,10,9,0.641025641,365,1,2,0,0.208791209,0,0,24.64285714,1.428571429,3,0,0,0,0,0,0,0,0,0,206.28,0,FALSE,FALSE
SessionEventHandler.java,6,1,0,3,6,15,1,2,6,2,6,0,0,0,0.833333333,0,0,0,1,1,0,0,0,0,0,0,0,0,0,59.28,0,FALSE,FALSE
EncodingType.java,4,2,0,8,7,4,7,1,2,0.888888889,45,0.333333333,3,0.866666667,0.444444444,1,1,9.5,0.5,1,0,0,0,0,0,0,0,0,0,106.28,0,FALSE,FALSE
SynapseConfiguration.java,95,1,0,106,218,2527,73,39,91,0.922553191,2952,1,6,0,0.083256244,0,0,29.81052632,2.547368421,16,285,111,95,80,46,15.85,7,380,191,26.28,2,TRUE,TRUE
EnrichMediatorSerializer.java,7,0,0,13,34,13,0,13,2,0.833333333,245,0,0,0,0.333333333,0,0,33.85714286,3.714285714,9,2,2,2,2,4,4,1,4,4,-60.42,1,FALSE,FALSE
TemplateEndpoint.java,13,0,0,12,41,16,4,9,11,0.7,259,1,2,0,0.395833333,0,0,18.53846154,2.076923077,12,5,4,2,1,46,25.5,2,7,5,26.28,1,TRUE,TRUE
MediatorPropertyFactory.java,3,1,0,13,27,1,4,9,2,0.5,199,1,1,0,0.5,0,0,65,5.333333333,16,0,0,0,0,0,0,0,0,0,221.14,0,FALSE,FALSE
BeforeExecuteHandler.java,1,1,0,4,1,0,3,1,1,2,1,0,0,0,1,0,0,0,1,1,0,0,0,0,0,0,0,0,0,120.71,0,FALSE,FALSE
SpringMediator.java,11,0,0,20,44,11,2,18,10,0.566666667,282,1,1,0,0.272727273,0,0,24.36363636,2.272727273,13,0,0,0,0,0,0,0,0,0,217.28,0,FALSE,FALSE
OrEvaluator.java,5,1,0,5,7,4,2,3,5,0.5,43,1,1,0,0.466666667,0,0,7.4,0.8,1,0,0,0,0,0,0,0,0,0,118.85,0,FALSE,FALSE
HeaderTextRetriever.java,3,1,0,5,5,0,2,3,3,0,18,1,0,0,0.555555556,0,0,4.666666667,0.666666667,1,0,0,0,0,0,0,0,0,0,94.71,0,FALSE,FALSE
TaskDescription.java,26,1,0,14,34,273,12,2,26,0.9625,175,0.75,0,0,0.182692308,0,0,5.115384615,1,2,0,0,0,0,0,0,0,0,0,188.28,0,FALSE,FALSE
AccessHandler.java,3,1,0,8,7,1,4,4,2,1,27,0.75,3,0,0.5,0,0,6.666666667,0.333333333,1,40,40,0,0,9,9,1,40,40,26.14,1,FALSE,TRUE
EqualSerializer.java,2,0,0,11,12,1,1,10,2,2,44,0,0,0,0.666666667,0,0,21,0.5,1,3,3,2,2,10,10,1,5,5,-58.28,1,FALSE,TRUE
DetachMediator.java,6,0,0,7,14,0,1,6,6,0.5,52,1,1,0,0.375,0,0,7.333333333,0.833333333,1,0,0,0,0,0,0,0,0,0,167.71,0,FALSE,FALSE
Dispatcher.java,6,1,0,11,6,15,9,2,6,2,6,0,0,0,0.611111111,0,0,0,1,1,0,0,0,0,0,0,0,0,0,220,0,FALSE,FALSE
ValidateMediator.java,13,0,0,22,75,14,2,20,11,0.785714286,554,1,2,0,0.221153846,0,0,41.07692308,1.923076923,12,36,36,26,26,2,2,1,62,62,-65.42,1,FALSE,TRUE
ClassMediatorSerializer.java,3,0,0,9,24,3,0,9,3,2,110,0,0,0,0.666666667,0,0,35.66666667,2.333333333,6,0,0,0,0,0,0,0,0,0,93.28,0,FALSE,FALSE
AbstractMediator.java,23,1,38,47,45,117,38,9,12,0.736363636,288,1,3,0,0.279220779,0,0,11.30434783,2.043478261,4,4,4,0,0,96,96,1,4,4,-57.14,1,FALSE,TRUE
ResourceFactory.java,7,1,0,12,39,19,1,11,2,0.666666667,335,1,1,0,0.375,0,0,46.71428571,4.285714286,13,134,134,0,0,38,38,1,134,134,25,1,FALSE,FALSE
SimpleMapImpl.java,27,3,0,11,91,349,1,11,26,1.030769231,819,1,1,0.703703704,0.164835165,1,2,28.77777778,1.62962963,11,0,0,0,0,0,0,0,0,0,172,0,FALSE,FALSE
EndpointDeployer.java,6,0,0,13,40,0,0,13,5,0.2,509,1,1,0,0.65,0,0,83.66666667,3.5,6,0,0,0,0,0,0,0,0,0,120.71,0,FALSE,FALSE
JmxAdapter.java,9,1,0,10,55,0,1,9,6,0.65625,305,1,2,0,0.625,0,0,32.44444444,2.666666667,7,0,0,2,2,1,1,1,2,2,24.28,1,FALSE,TRUE
StatisticsViewStrategy.java,2,1,0,4,2,1,3,1,2,2,2,0,0,0,0.875,0,0,0,1,1,0,0,0,0,0,0,0,0,0,168,0,FALSE,FALSE
IdentityKeyStoreInformation.java,5,0,0,10,15,4,7,3,5,0.5,49,1,1,0,0.6,0,0,8.6,1,2,0,0,0,0,0,0,0,0,0,106.28,0,FALSE,FALSE
AggregateMediatorFactory.java,4,0,0,11,29,2,0,11,3,0.666666667,236,1,11,0,0.555555556,0,0,55.25,3.5,13,0,0,0,0,0,0,0,0,0,221.14,0,FALSE,FALSE
EvaluatorSerializer.java,1,1,0,8,1,0,5,3,1,2,1,0,0,0,1,0,0,0,1,1,0,0,0,0,0,0,0,0,0,108.14,0,FALSE,FALSE
ValidateMediatorFactory.java,4,0,0,13,36,2,0,13,3,0.666666667,209,1,3,0,0.555555556,0,0,50.5,3.25,12,0,0,0,0,0,0,0,0,0,221.14,0,FALSE,FALSE
SEDAQueueProducerPolicy.java,5,1,0,3,6,0,3,0,5,0.95,33,0.4,0,0,0.466666667,0,0,4.6,0.8,1,0,0,0,0,0,0,0,0,0,147.42,0,FALSE,FALSE
POJOCommandMediator.java,15,0,1,17,58,43,3,14,14,0.785714286,526,1,0,0,0.311111111,0,0,33.66666667,1.733333333,12,0,0,0,0,0,0,0,0,0,221.14,0,FALSE,FALSE
POJOCommandMediatorSerializer.java,4,0,0,10,31,6,0,10,3,2,451,0,0,0,0.4375,0,0,111.75,5.5,17,0,0,0,0,0,0,0,0,0,221.14,0,FALSE,FALSE
SEDAQueueConsumerWorker.java,5,1,0,7,24,4,2,6,2,0.7,145,1,4,0,0.375,0,0,27,2,6,0,0,0,0,0,0,0,0,0,147.42,0,FALSE,FALSE
SharedSecretCallbackHandlerCache.java,5,1,0,3,6,6,2,1,3,0.75,24,1,2,0,0.5,0,0,3.4,0.6,1,0,0,0,0,0,0,0,0,0,106.28,0,FALSE,FALSE
RMSequenceMediatorSerializer.java,3,0,0,9,20,3,0,9,3,2,102,0,0,0,0.666666667,0,0,33,3.666666667,10,0,0,0,0,25,25,1,0,0,-70.28,1,FALSE,FALSE
HeaderMediatorSerializer.java,3,0,0,9,25,3,0,9,3,2,135,0,0,0,0.666666667,0,0,44,3.333333333,9,6,6,0,0,4,4,1,6,6,-58.28,1,FALSE,TRUE
XQueryMediator.java,20,0,0,32,136,118,2,30,15,0.836842105,1243,1,4,0,0.15,0,0,60.65,4.15,63,32,21,13,10,9,6,3,45,21,-0.85,2,FALSE,TRUE
LatencyView.java,23,1,0,6,49,177,4,5,12,0.912337662,402,1,0,0,0.186335404,0,0,15.86956522,1.260869565,4,2,2,2,2,5,5,1,4,4,9.14,1,FALSE,FALSE
AggregateMediator.java,24,0,0,18,78,152,4,15,22,0.849802372,737,1,4,0,0.169082126,0,0,29.25,2.708333333,28,2,2,2,2,5,5,1,4,4,20,1,TRUE,FALSE
APIFactory.java,6,1,0,11,35,9,2,9,2,0.2,208,1,1,0,0.28,0,0,33.5,3,13,135,112,0,0,38,18.33,3,135,112,25,2,FALSE,TRUE
MultiSecretCallback.java,3,1,0,2,7,0,1,1,3,0,22,1,0,0,0.666666667,0,0,6,0.666666667,1,0,0,0,0,0,0,0,0,0,106.28,0,FALSE,FALSE
SequenceDeployer.java,6,0,0,13,40,0,0,13,5,0.2,556,1,1,0,0.65,0,0,91.5,4.333333333,9,0,0,0,0,0,0,0,0,0,120.71,0,FALSE,FALSE
SimpleQuartzJob.java,5,1,0,12,33,0,0,12,2,1,164,0.25,1,0,0.5,0,0,31,0.6,1,1,1,1,1,8,8,1,2,2,-59.42,1,FALSE,TRUE
NhttpUtil.java,5,1,0,7,33,10,3,4,5,2,128,0,0,0,0.333333333,0,0,24.6,2.4,4,0,0,0,0,0,0,0,0,0,160.28,0,FALSE,FALSE
EvaluatorSerializerFinder.java,4,1,0,10,13,2,4,6,2,0.5,67,1,1,0,0.5,0,0,15.25,0.5,1,0,0,0,0,0,0,0,0,0,108.14,0,FALSE,FALSE
ResolvingEndpointFactory.java,4,0,0,8,13,2,1,8,1,0.666666667,53,1,2,0,0.416666667,0,0,11.75,0.75,2,0,0,0,0,0,0,0,0,0,139.85,0,FALSE,FALSE
LoadbalanceEndpointSerializer.java,2,0,0,14,27,1,1,14,1,2,134,0,0,0,0.75,0,0,66,2.5,5,4,4,3,3,46,46,1,7,7,26.28,1,TRUE,TRUE
JmxConfigurationConstants.java,1,1,0,0,2,0,0,0,1,2,11,0,0,0,1,0,0,3,0,0,0,0,0,0,0,0,0,0,0,110.14,0,FALSE,FALSE
VFSTransportSender.java,5,0,0,24,62,0,0,24,3,0.583333333,482,0.666666667,1,0,0.333333333,0,0,94.8,0.8,1,54,42,17,5,7,3.33,6,71,46,25.14,4,FALSE,TRUE
HeaderMediator.java,12,0,0,16,51,10,2,14,10,0.818181818,426,0.666666667,2,0,0.238095238,0,0,34,3.416666667,25,35,31,9,4,5,3.66,3,44,35,-32.57,2,FALSE,TRUE
KeyStoreInformation.java,15,1,2,22,41,47,10,12,11,0.880952381,223,0.777777778,3,0,0.416666667,0,0,13.26666667,1.666666667,4,0,0,0,0,0,0,0,0,0,106.28,0,FALSE,FALSE
WeightedRRLCAlgorithm.java,22,1,0,19,62,165,2,19,17,0.911564626,502,0.642857143,3,0,0.204081633,0,0,21.18181818,1.954545455,12,4,4,0,0,46,46,1,4,4,26.28,1,TRUE,TRUE
XSLTMediatorFactory.java,4,0,0,13,35,2,0,13,3,0.666666667,168,1,2,0,0.555555556,0,0,40.5,2.25,8,0,0,0,0,0,0,0,0,0,221.14,0,FALSE,FALSE
EndpointDefinitionFactory.java,5,1,0,10,58,0,3,7,2,0.25,740,0,1,0,0.375,0,0,146.8,12.2,59,2,2,22,14,46,35.5,2,24,16,26.28,1,TRUE,TRUE
Target.java,12,1,0,15,37,20,3,12,10,0.875,357,0.5,1,0,0.238636364,0,0,28.08333333,1.416666667,8,28,20,3,2,3,2.5,2,31,21,-58.14,1,FALSE,TRUE
LoadbalanceEndpoint.java,18,0,2,29,90,43,7,24,13,0.647058824,576,1,2,0,0.177777778,0,0,30.72222222,2.611111111,11,0,0,0,0,0,0,0,0,0,220,0,FALSE,FALSE
ParameterTextRetriever.java,4,1,0,7,12,0,2,5,3,0.5,43,1,1,0,0.555555556,0,0,9.25,0.5,1,0,0,0,0,0,0,0,0,0,94.71,0,FALSE,FALSE
SEDAMediator.java,12,0,0,15,22,30,1,14,12,0.831168831,107,1,5,0,0.214285714,0,0,7.333333333,1,2,0,0,0,0,0,0,0,0,0,147.42,0,FALSE,FALSE
EntrySerializer.java,5,1,0,17,36,2,3,14,2,0.625,208,1,4,0,0.3,0,0,39.8,2.2,9,26,26,0,0,46,46,1,26,26,26.28,1,TRUE,TRUE
DBReportMediator.java,4,0,0,6,21,0,2,4,3,0,114,0,0,0,0.4375,0,0,27.25,3,10,2,2,1,1,3,3,1,3,3,-58.42,1,FALSE,TRUE
NhttpConnectionDebugConfig.java,8,1,0,2,16,16,1,1,7,0.973214286,129,1,1,0,0.875,0,0,13.125,1,2,4,4,4,4,65,65,1,8,8,-61.42,1,FALSE,FALSE
CustomJAXPURIResolver.java,2,1,0,4,8,0,1,3,2,0,44,1,2,0,0.625,0,0,20,0.5,1,0,0,0,0,0,0,0,0,0,158.42,0,FALSE,FALSE
SendMediatorSerializer.java,3,0,0,11,18,3,0,11,3,2,60,0,0,0,0.666666667,0,0,19,1.666666667,4,0,0,0,0,0,0,0,0,0,214.42,0,FALSE,FALSE
ProxyServiceSerializer.java,4,1,0,24,73,2,3,21,2,0.583333333,607,1,4,0,0.333333333,0,0,149.75,10.5,41,0,0,3,3,25,25,1,3,3,-70.28,1,FALSE,FALSE
MessageInjector.java,8,1,0,17,36,8,0,17,8,0.9,203,0.6,3,0,0.40625,0,0,23.125,2,10,191,191,38,38,4,4,1,229,229,-60.57,1,FALSE,TRUE
MessageForwardingProcessorViewMBean.java,10,1,0,1,10,45,1,0,10,2,10,0,0,0,0.65,0,0,0,1,1,0,0,0,0,0,0,0,0,0,57.57,0,FALSE,FALSE
SecretInformation.java,14,1,0,20,20,59,19,1,14,0.858974359,122,1,2,0,0.476190476,0,0,7.285714286,1.571428571,10,0,0,0,0,0,0,0,0,0,106.28,0,FALSE,FALSE
DataSourceRepositoryManager.java,8,1,0,11,32,0,4,7,6,0.238095238,228,1,3,0,0.333333333,0,0,27.125,2.875,9,0,0,0,0,0,0,0,0,0,160,0,FALSE,FALSE
FIXTransportSender.java,14,0,0,33,81,53,1,32,5,0.769230769,769,1,3,0,0.267857143,0,0,53.71428571,2.357142857,8,0,0,0,0,0,0,0,0,0,160.14,0,FALSE,FALSE
SpringMediatorFactory.java,4,0,0,5,13,4,0,5,3,0.666666667,65,1,1,0,0.555555556,0,0,15,1,3,0,0,0,0,0,0,0,0,0,193.14,0,FALSE,FALSE
MessageContextCreatorForAxis2.java,7,1,0,15,16,11,3,12,4,0.722222222,97,1,3,0,0.25,0,0,12.42857143,1,2,0,0,0,0,0,0,0,0,0,169.28,0,FALSE,FALSE
JNDIBasedDataSourceRepository.java,18,1,0,12,109,19,3,9,7,0.735294118,1234,0.875,1,0,0.303921569,0,0,67.11111111,3.777777778,12,0,0,0,0,0,0,0,0,0,160,0,FALSE,FALSE
SynapseThreadFactory.java,2,1,0,1,13,0,1,0,2,0,57,1,0,0,0.625,0,0,26,0.5,1,0,0,0,0,0,0,0,0,0,171.28,0,FALSE,FALSE
ServerStateDetectionStrategy.java,2,1,0,6,11,1,1,5,2,2,42,1,0,0,0.5,0,0,19.5,2.5,5,0,0,0,0,0,0,0,0,0,170.28,0,FALSE,FALSE
MediatorVariable.java,8,1,2,5,9,18,4,1,8,0.80952381,38,1,1,0,0.325,0,0,3.375,0.875,1,0,0,0,0,0,0,0,0,0,118.14,0,FALSE,FALSE
StatisticsRecord.java,13,1,0,8,28,36,6,2,13,0.819444444,153,1,1,0,0.276923077,0,0,10.30769231,1.076923077,2,4,4,2,2,1,1,1,6,6,-58.28,1,FALSE,TRUE
ServerState.java,5,2,6,17,14,8,16,7,2,0.964285714,95,0.142857143,7,0.866666667,0.5,1,1,16.6,0.4,1,0,0,0,0,0,0,0,0,0,170.28,0,FALSE,FALSE
TaskDescriptionRepositoryFactory.java,3,1,0,5,16,1,1,4,1,0.5,59,1,1,0,0.5,0,0,18,1.666666667,5,0,0,0,0,0,0,0,0,0,188,0,FALSE,FALSE
RecipientListEndpoint.java,18,0,0,22,88,73,3,19,14,0.875816993,629,0.888888889,3,0,0.213235294,0,0,33.44444444,2.388888889,8,390,354,46,34,46,14.25,4,436,354,30.14,2,TRUE,TRUE
MediatorFactory.java,2,1,0,5,2,1,3,2,2,2,2,0,0,0,0.666666667,0,0,0,1,1,0,0,0,0,0,0,0,0,0,93.42,0,FALSE,FALSE
InOutStatisticsView.java,7,1,0,6,16,0,4,2,7,0.666666667,120,1,3,0,0.428571429,0,0,15.42857143,1.285714286,4,0,0,0,0,0,0,0,0,0,167.85,0,FALSE,FALSE
FileBaseSecretRepository.java,6,1,0,14,39,3,1,13,5,1.0125,297,1,4,0,0.366666667,0,0,45.83333333,3.166666667,9,0,0,0,0,0,0,0,0,0,106.28,0,FALSE,FALSE
NHttpConfiguration.java,23,1,0,13,42,235,10,3,21,0.964015152,301,0.875,2,0,0.306818182,0,0,11.04347826,1.608695652,8,50,26,123,122,65,23,3,173,148,16.85,3,FALSE,TRUE
PropertyMediator.java,24,0,0,17,72,168,2,15,21,0.861660079,609,0.818181818,2,0,0.208333333,0,0,23.91666667,2.416666667,28,26,20,2,2,96,34.33,3,28,22,-57.14,1,FALSE,TRUE
ConditionalRoute.java,8,1,0,5,9,16,3,2,8,0.821428571,45,1,2,0,0.34375,0,0,4.125,0.875,1,0,0,0,0,0,0,0,0,0,50.71,0,FALSE,FALSE
AddressEndpointSerializer.java,3,0,0,14,17,1,1,13,2,2,81,0,0,0,0.555555556,0,0,26,1.333333333,2,4,4,4,4,46,46,1,8,8,26.28,1,TRUE,TRUE
SynapseXPathVariableContext.java,5,1,0,17,35,0,1,17,4,0.375,349,1,4,0,0.6,0,0,68,0.2,1,0,0,0,0,0,0,0,0,0,220.57,0,FALSE,FALSE
IndirectEndpointFactory.java,4,0,0,5,11,4,1,5,1,0.666666667,47,1,1,0,0.416666667,0,0,10.5,0.75,2,0,0,0,0,0,0,0,0,0,220,0,FALSE,FALSE
HttpCoreNIOSender.java,49,0,1,58,202,560,4,57,28,0.899509804,1683,1,8,0,0.08912037,0,0,33,1.857142857,11,64,28,90,48,65,12.53,13,154,58,26.14,3,TRUE,TRUE
ConditionSerializer.java,3,1,0,13,24,1,0,13,2,0.5,84,1,3,0,0.666666667,0,0,26,0.333333333,1,0,0,0,0,0,0,0,0,0,108.14,0,FALSE,FALSE
MessageStoreObserver.java,2,1,0,2,2,1,2,0,2,2,2,0,0,0,1,0,0,0,1,1,0,0,0,0,0,0,0,0,0,67.14,0,FALSE,FALSE
PWCallback.java,3,1,0,1,11,1,0,1,2,0.5,231,1,0,0,0.75,0,0,75.66666667,0.333333333,1,7,7,7,7,1,1,1,14,14,17,1,FALSE,TRUE
DefaultEndpointSerializer.java,4,0,1,14,23,0,2,13,2,2,205,0,0,0,0.5,0,0,50.25,3.5,11,0,0,0,0,0,0,0,0,0,213.14,0,FALSE,FALSE
CustomXmlSchemaURIResolver.java,3,1,0,5,7,1,1,4,3,0.5,40,1,2,0,0.5,0,0,11.66666667,1,3,0,0,0,0,3,3,1,0,0,-15.57,1,FALSE,FALSE
RegistryEntry.java,8,1,0,4,8,28,4,0,8,2,8,0,0,0,1,0,0,0,1,1,0,0,0,0,0,0,0,0,0,206.14,0,FALSE,FALSE
EnrichMediator.java,6,0,0,9,21,0,2,7,6,0.971428571,91,0.285714286,2,0,0.375,0,0,13,1.333333333,4,5,3,3,3,7,5.5,2,8,6,26.28,1,FALSE,TRUE
ServerConnectionDebug.java,7,0,0,11,36,1,3,9,7,0.783333333,387,1,1,0,0.428571429,0,0,52.85714286,1.857142857,8,0,0,0,0,0,0,0,0,0,119,0,FALSE,FALSE
FIXIncomingMessageHandler.java,20,1,0,33,81,66,4,30,10,0.842105263,697,1,5,0,0.181818182,0,0,33.3,1.55,5,137,137,99,99,3,3,1,236,236,22.14,1,FALSE,TRUE
RMSequenceMediator.java,17,0,0,15,58,100,2,13,11,0.90625,412,1,2,0,0.3,0,0,22.76470588,1.941176471,10,0,0,0,0,25,25,1,0,0,-70.28,1,FALSE,FALSE
SynapsePropertiesLoader.java,5,1,0,13,14,4,10,3,3,0.25,68,1,1,0,0.25,0,0,12,1.4,4,0,0,0,0,0,0,0,0,0,204.28,0,FALSE,FALSE
StatisticsCollector.java,6,1,0,9,20,0,7,3,6,0,91,1,0,0,0.666666667,0,0,14,1,2,0,0,0,0,0,0,0,0,0,168,0,FALSE,FALSE
ServerManager.java,22,1,0,21,67,45,5,17,13,0.611111111,504,1,4,0,0.19047619,0,0,21.63636364,1.727272727,5,0,0,0,0,0,0,0,0,0,220.85,0,FALSE,FALSE
SSLServerIOEventDispatch.java,3,0,0,10,8,3,1,9,2,2,27,0,0,0,0.611111111,0,0,8,0.333333333,1,31,31,23,23,65,51.5,2,54,54,-59,1,TRUE,FALSE
ConfigurationFactory.java,3,1,0,4,3,3,2,2,3,2,3,0,0,0,0.555555556,0,0,0,1,1,0,0,0,0,0,0,0,0,0,89,0,FALSE,FALSE
SystemViewStrategy.java,6,1,0,9,24,3,1,8,3,0.4,171,1,1,0,0.466666667,0,0,27.33333333,2.333333333,6,0,0,0,0,0,0,0,0,0,168,0,FALSE,FALSE
MTOMSwAClient.java,6,1,0,19,69,15,0,19,4,1.2,447,1,0,0,0.277777778,0,0,73.33333333,1.166666667,3,0,0,0,0,0,0,0,0,0,208.28,0,FALSE,FALSE
SubscriptionMessageBuilder.java,15,1,0,14,53,61,1,13,11,0.857142857,417,1,9,0,0.171428571,0,0,26,2,11,0,0,0,0,0,0,0,0,0,179,0,FALSE,FALSE
PayloadFactoryMediator.java,8,0,0,11,40,8,2,9,6,0.571428571,194,1,0,0,0.35,0,0,22.875,1.75,5,186,155,6,4,5,2,4,192,155,26,2,FALSE,TRUE
RecipientListEndpointSerializer.java,2,0,0,15,26,1,1,15,1,2,150,0,0,0,0.75,0,0,74,2,4,100,92,10,7,46,14.25,4,110,92,30.14,2,TRUE,TRUE
RESTUtils.java,8,1,0,12,32,24,5,9,6,0.785714286,148,1,1,0,0.25,0,0,17.25,1.5,4,105,105,0,0,38,38,1,105,105,25,1,FALSE,FALSE
MessageHelper.java,15,1,0,55,200,99,11,44,11,0.785714286,832,1,1,0,0.114285714,0,0,54.4,3.266666667,10,39,23,129,104,96,21.14,7,168,107,39.14,3,TRUE,TRUE
RewriteRule.java,8,1,0,13,36,8,3,10,6,0.714285714,175,1,2,0,0.342857143,0,0,20.5,1.125,4,0,0,0,0,0,0,0,0,0,92.71,0,FALSE,FALSE
HttpCoreNIOSSLListener.java,6,0,0,14,41,13,1,14,1,0.8,379,1,1,0,0.311111111,0,0,62,1.166666667,4,4,4,7,7,65,51.5,2,11,11,-59,1,TRUE,FALSE
MessageQueue.java,6,1,0,6,6,15,5,1,6,2,6,0,0,0,0.583333333,0,0,0,1,1,0,0,0,0,0,0,0,0,0,108,0,FALSE,FALSE
SamplingThrottleMediatorSerializer.java,3,0,0,11,20,3,0,11,3,2,80,0,0,0,0.666666667,0,0,25.66666667,1.666666667,4,8,8,4,4,3,3,1,12,12,-60.42,1,FALSE,FALSE
WeightedRoundRobinViewMBean.java,2,1,0,2,2,1,2,0,2,2,2,0,0,0,0.75,0,0,0,1,1,2,2,1,1,46,46,1,3,3,26.28,1,TRUE,TRUE
TaskDescriptionSerializer.java,3,1,0,12,38,1,1,11,2,0.75,215,1,3,0,0.5,0,0,69.33333333,5.333333333,16,0,0,0,0,0,0,0,0,0,188.28,0,FALSE,FALSE
FixedSizeQueue.java,25,3,0,4,34,76,2,3,17,0.755952381,383,1,0,0.466666667,0.253333333,3,11,14.04,1.64,6,0,0,0,0,0,0,0,0,0,120.71,0,FALSE,FALSE
Entry.java,32,1,0,34,38,406,29,5,30,0.95483871,230,0.733333333,2,0,0.173387097,0,0,5.71875,1.34375,4,8,4,8,4,2,2,2,16,8,26.28,1,FALSE,TRUE
EqualEvaluator.java,7,1,0,8,11,3,2,6,7,0.722222222,52,1,2,0,0.357142857,0,0,6,0.857142857,1,0,0,0,0,0,0,0,0,0,118.85,0,FALSE,FALSE
EntryFactory.java,6,1,0,14,39,7,2,12,3,0.4,213,1,2,0,0.3,0,0,34.16666667,2.166666667,9,25,25,0,0,46,46,1,25,25,26.28,1,TRUE,TRUE
StatisticsRecordFactory.java,3,1,0,7,15,1,1,6,2,0.5,50,1,1,0,0.5,0,0,15.33333333,0.666666667,2,0,0,0,0,0,0,0,0,0,168,0,FALSE,FALSE
SecureVaultException.java,5,4,0,14,10,10,13,1,5,1.25,35,1,0,1,0.7,0,0,5.8,0,0,0,0,0,0,0,0,0,0,0,106.28,0,FALSE,FALSE
SynapseMessageReceiver.java,5,1,2,23,39,0,3,20,2,0.25,230,1,2,0,0.5,0,0,44.6,1.6,4,0,0,0,0,0,0,0,0,0,216.57,0,FALSE,FALSE
SynapseArtifact.java,2,1,0,9,2,1,9,0,2,2,2,0,0,0,0.75,0,0,0,1,1,0,0,0,0,0,0,0,0,0,93.42,0,FALSE,FALSE
PropertyHelper.java,7,1,0,4,42,9,0,4,4,0.333333333,565,1,1,0,0.3,0,0,79.57142857,3.428571429,13,0,0,0,0,0,0,0,0,0,221.14,0,FALSE,FALSE
Endpoint.java,13,1,0,81,13,78,77,6,13,2,13,0,0,0,0.365384615,0,0,0,1,1,0,0,0,0,0,0,0,0,0,220,0,FALSE,FALSE
EncryptionProvider.java,1,1,0,2,1,0,2,0,1,2,1,0,0,0,1,0,0,0,1,1,0,0,0,0,0,0,0,0,0,106.28,0,FALSE,FALSE
ScheduledMessageForwardingProcessor.java,15,0,0,15,47,47,2,14,12,0.842857143,215,0.8,2,0,0.3,0,0,13,1.066666667,3,23,13,52,39,8,4.25,4,75,52,26.28,1,FALSE,TRUE
DataSourceInformationListFactory.java,3,1,0,6,13,1,1,5,2,0.5,93,1,1,0,0.5,0,0,29.66666667,4,12,0,0,0,0,0,0,0,0,0,118.14,0,FALSE,FALSE
HeaderMediatorFactory.java,4,0,0,11,29,2,0,11,3,0.666666667,209,1,2,0,0.555555556,0,0,50.75,5.25,20,17,17,5,5,4,4,1,22,22,-58.28,1,FALSE,TRUE
CloneMediator.java,14,0,0,16,49,21,2,14,13,0.711538462,290,1,0,0,0.205357143,0,0,19.42857143,1.714285714,7,3,3,0,0,7,7,1,3,3,26.28,1,FALSE,TRUE
FIXTransportListener.java,5,0,0,10,25,0,0,10,4,0.25,129,1,1,0,0.4,0,0,24.6,0.8,1,0,0,0,0,0,0,0,0,0,160.14,0,FALSE,FALSE
EvaluatorConstants.java,1,1,0,0,2,0,0,0,1,2,22,0,0,0,1,0,0,3,0,0,3,3,0,0,10,10,1,3,3,-58.28,1,FALSE,TRUE
AspectConfigurationDetectionStrategy.java,2,1,0,4,8,1,1,3,2,2,29,0,0,0,0.5,0,0,13.5,1.5,3,0,0,0,0,0,0,0,0,0,167.85,0,FALSE,FALSE
PerUserDomainViewStrategy.java,3,0,0,2,6,3,0,2,3,2,19,0,0,0,0.666666667,0,0,5.333333333,0.666666667,1,0,0,0,0,0,0,0,0,0,168,0,FALSE,FALSE
SynapseMediatorFactory.java,4,0,0,5,9,4,0,5,3,0.666666667,31,1,1,0,0.555555556,0,0,6.5,0.5,1,0,0,0,0,0,0,0,0,0,193.14,0,FALSE,FALSE
SchemaResourceLSInput.java,17,1,0,1,18,130,1,0,17,0.875,52,0,0,0,0.294117647,0,0,2,0.941176471,1,0,0,0,0,0,0,0,0,0,70,0,FALSE,FALSE
