file_name,num_classes,num_methods,num_reflections,num_file_operations,num_network_operations
AbstractAutomationTestCase.java,1,7,0,0,0
AbstractBackEndServerController.java,1,1,0,0,0
AbstractConnectionDebug.java,1,3,0,0,0
AbstractDBMediator.java,1,22,0,0,0
AbstractDBMediatorFactory.java,1,8,0,0,0
AbstractDBMediatorSerializer.java,1,4,0,0,0
AbstractDispatcher.java,1,7,0,0,0
AbstractEipLibTestCase.java,1,1,0,0,0
AbstractEndpoint.java,1,48,0,0,0
AbstractEvaluatorSerializer.java,1,2,0,0,0
AbstractFileName.java,1,28,0,0,0
AbstractKeyStoreLoader.java,1,3,0,0,0
AbstractLibTestCase.java,1,1,0,0,0
AbstractListMediator.java,1,10,0,0,0
AbstractListMediatorFactory.java,1,1,0,0,0
AbstractListMediatorSerializer.java,1,1,0,0,0
AbstractMediator.java,1,22,0,0,0
AbstractMediatorFactory.java,1,7,0,0,0
AbstractMediatorSerializer.java,1,9,0,0,0
AbstractMediatorTestCase.java,1,1,0,0,0
AbstractMessageProcessor.java,1,12,0,0,0
AbstractMessageStore.java,1,16,0,0,0
AbstractRegistry.java,1,6,0,0,0
AbstractRESTProcessor.java,1,4,0,0,0
AbstractSecretCallbackHandler.java,1,3,0,0,0
AbstractSplitMediatorTestCase.java,1,2,0,0,0
AbstractStartup.java,1,6,0,0,0
AbstractSynapseArtifactDeployer.java,1,20,0,0,0
AbstractSynapseObserver.java,1,16,0,0,0
AbstractTestCase.java,1,6,0,0,0
AbstractVersionStrategy.java,1,3,0,0,0
AbstractXarMojo.java,1,11,0,0,0
Access.java,32,57,1,0,0
AccessConstants.java,1,0,0,0,0
AccessHandler.java,1,2,0,0,0
AccessLogger.java,1,5,0,0,0
AccessTimeUtil.java,2,8,0,0,0
ActiveMQController.java,1,2,0,0,0
AddressEndpoint.java,1,3,0,0,0
AddressEndpointFactory.java,1,3,0,0,0
AddressEndpointSerializationTest.java,1,5,0,0,0
AddressEndpointSerializer.java,1,2,0,0,0
Aggregate.java,2,20,0,0,0
AggregateMediator.java,1,22,0,0,0
AggregateMediatorFactory.java,1,2,0,0,0
AggregateMediatorSerializationTest.java,1,1,0,0,0
AggregateMediatorSerializer.java,1,2,0,0,0
AlgorithmContext.java,1,5,0,0,0
AMQPConsumer.java,1,9,0,0,0
AMQPConsumerClient.java,1,1,0,0,0
AMQPOutTransportInfo.java,1,3,0,0,0
AMQPProducerClient.java,1,4,0,0,0
AMQPSender.java,1,7,0,0,0
AMQPSenderCache.java,1,5,0,0,0
AMQPSenderFactory.java,1,1,0,0,0
AMQPSimpleConsumerTask.java,2,2,0,0,0
AMQPTransportBuffers.java,1,5,0,0,0
AMQPTransportConnectionFactory.java,1,9,0,0,0
AMQPTransportConnectionFactoryManager.java,1,7,0,0,0
AMQPTransportConstant.java,1,0,0,0,0
AMQPTransportEndpoint.java,1,3,0,0,0
AMQPTransportException.java,1,0,0,0,0
AMQPTransportHABrokerEntry.java,1,2,0,0,0
AMQPTransportHAEntry.java,1,3,0,0,0
AMQPTransportListener.java,1,7,0,0,0
AMQPTransportMessage.java,1,18,0,0,0
AMQPTransportPollingTask.java,4,53,0,0,0
AMQPTransportPollingTaskFactory.java,1,2,0,0,0
AMQPTransportProducerTx.java,1,2,0,0,0
AMQPTransportReconnectHandler.java,1,3,0,0,0
AMQPTransportSender.java,1,6,0,0,0
AMQPTransportUtils.java,1,15,0,0,0
AMQPTransportUtilsTest.java,1,13,0,0,0
AMQPTwoWayProducerClient.java,1,2,0,0,0
AndEvaluator.java,1,4,0,0,0
AndFactory.java,1,2,0,0,0
AndSerializer.java,1,1,0,0,0
AnnotatedCommand.java,1,0,0,0,0
AnnotatedCommand2.java,1,2,0,0,0
AnnotatedCommandMediator.java,1,5,3,0,0
AnnotatedCommandMediatorFactory.java,1,2,0,0,0
AnnotatedCommandMediatorTest.java,1,3,0,0,0
AnonymousListMediator.java,1,1,0,0,0
AnonymousListMediatorFactory.java,1,1,0,0,0
AnonymousListMediatorSerializer.java,1,2,0,0,0
AnonymousServiceFactory.java,1,6,0,0,0
API.java,1,26,0,0,0
APIDeployer.java,1,4,0,0,0
APIDispatcherTest.java,1,8,0,0,0
APIFactory.java,1,4,0,0,0
APISerializationTest.java,1,8,0,0,0
APISerializer.java,1,1,0,0,0
ArtifactFile.java,1,3,0,0,0
AspectConfigurable.java,0,2,0,0,0
AspectConfiguration.java,1,4,0,0,0
AspectConfigurationDetectionStrategy.java,1,1,0,0,0
AsymmetricCipher.java,1,1,0,0,0
AsyncCallback.java,1,9,0,0,0
AXIOMResultBuilder.java,1,3,0,0,0
AXIOMResultBuilderFactory.java,1,1,0,0,0
AXIOMSourceBuilder.java,1,2,0,0,0
AXIOMSourceBuilderFactory.java,1,1,0,0,0
AXIOMUtils.java,1,1,0,0,0
Axis2BackEndServerController.java,2,7,0,0,0
Axis2BlockingClient.java,1,8,0,0,0
Axis2ClientConfiguration.java,1,6,0,0,0
Axis2FlexibleMEPClient.java,1,5,0,0,0
Axis2HttpRequest.java,1,20,0,0,0
Axis2LoadBalanceMembershipHandler.java,1,6,0,0,0
Axis2MessageContext.java,1,63,0,0,0
Axis2MessageContextTest.java,1,2,0,0,0
Axis2Sender.java,1,3,0,0,0
Axis2SynapseController.java,1,35,0,0,0
Axis2SynapseEnvironment.java,1,22,0,0,0
Axis2TransportHelper.java,1,7,0,0,0
AxisFIXException.java,1,0,0,0,0
Base64DecodeFunction.java,1,2,0,0,0
Base64DecodeFunctionTest.java,1,3,0,0,0
Base64EncodeFunction.java,1,2,0,0,0
BaseCipher.java,1,7,0,0,0
BaseConfiguration.java,1,9,0,0,0
BasicEndpointTest.java,2,10,0,0,0
BasicHttpClient.java,1,4,0,0,0
BeanConstants.java,0,0,0,0,0
BeanMediator.java,1,19,0,0,0
BeanMediatorFactory.java,1,6,0,0,0
BeanMediatorSerializationTest.java,1,7,0,0,0
BeanMediatorSerializer.java,1,7,0,0,0
BeanMediatorTest.java,1,8,0,0,0
BeanUtils.java,1,2,1,0,0
BeforeExecuteHandler.java,0,1,0,0,0
BinaryExtractMediator.java,1,14,0,0,0
BinaryRelayBuilder.java,1,2,0,0,0
BlockingClientUtils.java,1,5,0,0,0
BlockingMessageSender.java,1,7,0,0,0
Bootstrap.java,1,2,2,0,0
BufferFactory.java,1,2,0,0,0
CACertsLoader.java,1,2,0,0,0
CacheController.java,1,6,0,0,0
CacheControllerMBean.java,0,6,0,0,0
CacheEntry.java,1,4,0,0,0
CacheManager.java,3,8,0,0,0
CacheMediator.java,1,27,0,0,0
CacheMediatorFactory.java,1,3,0,0,0
CacheMediatorSerializationTest.java,1,3,0,0,0
CacheMediatorSerializer.java,1,2,0,0,0
CalloutBlockMediator.java,1,18,0,0,0
CalloutMediator.java,1,35,0,0,0
CalloutMediatorFactory.java,1,2,0,0,0
CalloutMediatorSerializationTest.java,1,8,0,0,0
CalloutMediatorSerializer.java,1,2,0,0,0
CertificatePathValidator.java,1,2,0,0,0
CertificateVerificationConfig.java,1,2,0,0,0
CertificateVerificationException.java,1,0,0,0,0
CipherFactory.java,1,3,0,0,0
CipherInformation.java,1,14,0,0,0
CipherOperationMode.java,0,0,0,0,0
CipherTool.java,1,12,0,0,0
ClassEndpointFactory.java,1,3,0,0,0
ClassMediator.java,1,8,0,0,0
ClassMediatorFactory.java,1,2,0,0,0
ClassMediatorSerializationTest.java,1,3,0,0,0
ClassMediatorSerializer.java,1,2,0,0,0
ClassMediatorTest.java,1,4,0,0,0
ClassMediatorTestMediator.java,1,6,0,0,0
ClasspathURLStreamHandler.java,2,4,0,0,0
ClassScanner.java,1,5,0,0,0
ClassScannerException.java,1,0,0,0,0
ClassVisitor.java,0,2,0,0,0
ClientConnectionDebug.java,1,9,1,0,0
ClientHandler.java,1,32,1,0,0
ClientWorker.java,1,3,0,0,0
CloneMediator.java,1,13,0,0,0
CloneMediatorFactory.java,1,2,0,0,0
CloneMediatorSerializationTest.java,1,4,0,0,0
CloneMediatorSerializer.java,1,2,0,0,0
CloneMediatorTest.java,1,4,0,0,0
Command.java,0,1,0,0,0
ComponentType.java,0,0,0,0,0
Condition.java,1,4,0,0,0
ConditionalRoute.java,1,7,0,0,0
ConditionalRouterMediator.java,1,6,0,0,0
ConditionalRouterMediatorFactory.java,1,2,0,0,0
ConditionalRouterMediatorSerializationTest.java,1,4,0,0,0
ConditionalRouterMediatorSerializer.java,1,2,0,0,0
ConditionFactory.java,1,2,0,0,0
ConditionSerializer.java,1,1,0,0,0
ConfigurationFactory.java,0,3,0,0,0
ConfigurationFactoryAndSerializerFinder.java,1,11,0,0,0
ConfigurationMigrator.java,1,3,0,0,0
ConfigurationSerializer.java,0,2,0,0,0
ConnectCallback.java,1,6,0,0,0
ConnectionPool.java,1,4,0,0,0
ConnectionsView.java,1,21,0,0,0
ConnectionsViewMBean.java,0,11,0,0,0
Constants.java,0,0,0,0,0
ContentBasedRouterMediator.java,1,4,0,0,0
ControlledByteBuffer.java,1,15,0,0,0
Counter.java,1,2,0,0,0
CRLCache.java,2,15,0,0,0
CRLVerifier.java,1,4,0,0,0
CRLVerifierTest.java,1,4,1,0,0
CustomJAXPURIResolver.java,1,1,0,0,0
CustomURIBasedDispatcher.java,1,3,0,0,0
CustomWSDLLocator.java,1,5,0,0,0
CustomXmlSchemaURIResolver.java,1,1,0,0,0
DataSourceConstants.java,1,0,0,0,0
DataSourceFactory.java,1,3,0,0,0
DataSourceFinder.java,1,2,0,0,0
DataSourceInformation.java,1,65,0,0,0
DataSourceInformationFactory.java,1,2,0,0,0
DataSourceInformationListFactory.java,1,1,0,0,0
DataSourceInformationListSerializer.java,1,1,0,0,0
DataSourceInformationRepository.java,1,9,0,0,0
DataSourceInformationRepositoryFactory.java,1,3,0,0,0
DataSourceInformationRepositoryListener.java,0,3,0,0,0
DataSourceInformationSerializer.java,1,2,0,0,0
DatasourceMBeanRepository.java,1,5,0,0,0
DataSourceRepository.java,0,6,0,0,0
DataSourceRepositoryHolder.java,1,7,0,0,0
DataSourceRepositoryManager.java,1,6,0,0,0
DBLookupMediator.java,1,1,0,0,0
DBLookupMediatorFactory.java,1,2,0,0,0
DBLookupMediatorSerializationTest.java,1,3,0,0,0
DBLookupMediatorSerializer.java,1,2,0,0,0
DBLookupMediatorTest.java,1,5,0,0,0
DBPoolView.java,1,9,0,0,0
DBPoolViewMBean.java,0,5,0,0,0
DBReportMediator.java,1,3,0,0,0
DBReportMediatorFactory.java,1,2,0,0,0
DBReportMediatorSerializationTest.java,1,3,0,0,0
DBReportMediatorSerializer.java,1,2,0,0,0
DBReportMediatorTest.java,1,4,0,0,0
DecryptionProvider.java,0,1,0,0,0
DefaultConsumer.java,2,3,0,0,0
DefaultDispatcher.java,1,1,0,0,0
DefaultEndpoint.java,1,3,0,0,0
DefaultEndpointFactory.java,1,5,0,0,0
DefaultEndpointSerializationTest.java,1,5,0,0,0
DefaultEndpointSerializer.java,1,3,0,0,0
DefaultHttpGetProcessor.java,1,17,0,0,0
DefaultInMemorySubscriptionManager.java,1,15,0,0,0
DefaultStrategy.java,1,2,0,0,0
DefaultTaskJobDetailFactory.java,1,1,0,0,0
DefaultTaskTriggerFactory.java,1,1,0,0,0
DeferredMessageBuilder.java,1,3,0,0,0
DefinitionFactory.java,0,1,0,0,0
DeliveryAgent.java,1,5,0,0,0
DerbyServerController.java,1,3,0,0,0
DetachMediator.java,1,5,0,0,0
DetachMediatorFactory.java,1,2,0,0,0
DiscountQuoteMediator.java,1,8,0,0,0
Dispatcher.java,0,6,0,0,0
DispatcherHelper.java,0,1,0,0,0
DOOMResultBuilder.java,1,5,0,0,0
DOOMResultBuilderFactory.java,1,1,0,0,0
DOOMSourceBuilder.java,1,2,0,0,0
DOOMSourceBuilderFactory.java,1,1,0,0,0
DropMediator.java,1,2,0,0,0
DropMediatorFactory.java,1,2,0,0,0
DropMediatorSerializationTest.java,1,1,0,0,0
DropMediatorSerializer.java,1,2,0,0,0
DropMediatorTest.java,1,1,0,0,0
DummyTask.java,1,7,0,0,0
DynamicAxisOperation.java,2,5,0,0,0
DynamicLoadbalanceEndpoint.java,2,24,0,0,0
DynamicLoadbalanceEndpointFactory.java,1,2,0,0,0
DynamicLoadbalanceEndpointSerializationTest.java,1,3,0,0,0
DynamicLoadbalanceEndpointSerializer.java,1,1,0,0,0
DynamicLoadbalanceFaultHandler.java,1,3,0,0,0
DynamicResourceTest.java,1,3,0,0,0
DynamicRouterMediator.java,1,8,0,0,0
EchoHttpServerController.java,4,6,0,0,0
EIPConstants.java,1,0,0,0,0
EipLibTest.java,1,2,0,0,0
EIPUtils.java,1,1,0,0,0
EJBConstants.java,0,0,0,0,0
EJBMediator.java,1,20,0,0,0
EJBMediatorFactory.java,1,2,0,0,0
EJBMediatorSerializationTest.java,1,5,0,0,0
EJBMediatorSerializer.java,1,3,2,0,0
EncodingHelper.java,1,2,0,0,0
EncodingType.java,0,0,0,0,0
EncryptionProvider.java,0,1,0,0,0
EndDelimitedProtocol.java,2,7,0,0,0
EndDelimitedProtocolTest.java,1,1,0,0,0
Endpoint.java,0,13,0,0,0
EndpointContext.java,1,13,0,0,0
EndpointDefinition.java,1,66,0,0,0
EndpointDefinitionFactory.java,1,3,0,0,0
EndpointDefinitionSerializer.java,1,1,0,0,0
EndpointDeployer.java,1,4,0,0,0
EndpointFactory.java,1,13,0,0,0
EndpointSerializer.java,1,8,0,0,0
EndpointView.java,1,66,0,0,0
EndpointViewMBean.java,0,41,0,0,0
EnqueueMediator.java,1,8,0,0,0
EnqueueMediatorFactory.java,1,2,0,0,0
EnqueueMediatorSerializationTest.java,1,2,0,0,0
EnqueueMediatorSerializer.java,1,2,0,0,0
EnrichMediator.java,1,5,0,0,0
EnrichMediatorFactory.java,1,5,0,0,0
EnrichMediatorSerializationTest.java,1,11,0,0,0
EnrichMediatorSerializer.java,1,5,0,0,0
EnrichMediatorTest.java,1,4,0,0,0
EnterpriseBeanstalk.java,1,13,0,0,0
EnterpriseBeanstalkConstants.java,0,0,0,0,0
EnterpriseBeanstalkManager.java,1,4,0,0,0
EnterpriseBeanstalkView.java,1,9,0,0,0
EnterpriseBeanstalkViewMBean.java,0,8,0,0,0
Entry.java,1,29,0,0,0
EntryFactory.java,1,4,0,0,0
EntrySerializationTest.java,1,3,0,0,0
EntrySerializer.java,1,3,0,0,0
EqualBuilderTest.java,1,4,0,0,0
EqualEvaluator.java,1,6,0,0,0
EqualFactory.java,1,1,0,0,0
EqualSerializer.java,1,1,0,0,0
EqualSerializerTest.java,1,4,0,0,0
ErrorCodes.java,1,0,0,0,0
ErrorLog.java,1,9,0,0,0
ErrorLogFactory.java,1,2,0,0,0
Evaluator.java,0,2,0,0,0
EvaluatorConstants.java,1,0,0,0,0
EvaluatorContext.java,1,12,0,0,0
EvaluatorException.java,1,0,0,0,0
EvaluatorFactory.java,0,1,0,0,0
EvaluatorFactoryFinder.java,1,4,0,0,0
EvaluatorSerializer.java,0,1,0,0,0
EvaluatorSerializerFinder.java,1,2,0,0,0
EventFilterTest.java,1,2,0,0,0
EventPublisherMediator.java,1,3,0,0,0
EventPublisherMediatorFactory.java,1,2,0,0,0
EventPublisherMediatorSerializer.java,1,2,0,0,0
EventSampleClient.java,1,7,0,0,0
EventSender.java,1,3,0,0,0
EventSourceDeployer.java,1,4,0,0,0
EventSourceFactory.java,1,4,0,0,0
EventSourceSerializer.java,1,1,0,0,0
EventSubscriber.java,1,3,0,0,0
Execute.java,0,0,0,0,0
ExecutorConstants.java,1,0,0,0,0
ExpandingMessageFormatter.java,1,9,0,0,0
ExtensionDeployer.java,1,8,0,0,0
FailoverEndpoint.java,1,5,0,0,0
FailoverEndpointFactory.java,1,2,0,0,0
FailoverEndpointSerializer.java,1,1,0,0,0
FastStockQuoteService.java,1,2,0,0,0
FaultHandler.java,1,5,0,0,0
FaultMediator.java,1,34,0,0,0
FaultMediatorFactory.java,1,2,0,0,0
FaultMediatorSerializationTest.java,1,7,0,0,0
FaultMediatorSerializer.java,1,2,0,0,0
FaultMediatorTest.java,1,3,0,0,0
FieldOrderingTest.java,1,1,0,0,0
FileBaseSecretRepository.java,1,4,0,0,0
FileBaseSecretRepositoryProvider.java,1,1,0,0,0
FileObjectDataSource.java,1,5,0,0,0
FilterMediator.java,1,19,0,0,0
FilterMediatorFactory.java,1,2,0,0,0
FilterMediatorSerializationTest.java,1,7,0,0,0
FilterMediatorSerializer.java,1,2,0,0,0
FilterMediatorTest.java,1,10,0,0,0
FIXApplicationFactory.java,1,1,0,0,0
FIXClient.java,1,5,0,0,0
FIXConstants.java,1,0,0,0,0
FixedByteArrayOutputStream.java,1,2,0,0,0
FixedQueueTest.java,1,7,0,0,0
FixedSizeQueue.java,2,23,0,0,0
FIXIncomingMessageHandler.java,2,16,0,0,0
FIXMessageBuilder.java,1,2,0,0,0
FIXMessageBuilderTest.java,1,1,0,0,0
FIXMessageFormatter.java,1,5,0,0,0
FIXMessageFormatterTest.java,1,1,0,0,0
FIXOutgoingMessageHandler.java,1,5,0,0,0
FIXOutTransportInfo.java,1,3,0,0,0
FIXSessionFactory.java,1,17,0,0,0
FIXTransportListener.java,1,4,0,0,0
FIXTransportSender.java,1,13,0,0,0
FIXUtils.java,1,20,0,0,0
ForwardingJob.java,1,3,0,0,0
ForwardingProcessorConstants.java,1,0,0,0,0
FtpFileNameParser.java,1,2,0,0,0
FtpFileProvider.java,1,3,0,0,0
GenericJMSClient.java,1,8,0,0,0
GetFullQuote.java,1,2,0,0,0
GetFullQuoteResponse.java,1,2,0,0,0
GetMarketActivity.java,1,2,0,0,0
GetMarketActivityResponse.java,1,2,0,0,0
GetPropertyFunction.java,1,4,0,0,0
GetQuote.java,1,2,0,0,0
GetQuoteResponse.java,1,29,0,0,0
GetQuoteResponseWrapper.java,1,2,0,0,0
GetQuoteWrapper.java,1,2,0,0,0
GlobalRequestCountHandler.java,1,1,0,0,0
GroovyScriptMediatorTest.java,1,1,0,0,0
GzipMessageFormatterDecorator.java,1,6,0,0,0
Handler.java,0,2,0,0,0
HandlerConstants.java,1,0,0,0,0
HandlerUtil.java,1,3,0,0,0
HardCodedSecretCallbackHandler.java,1,1,0,0,0
HeaderMediator.java,1,20,0,0,0
HeaderMediatorConfigurationTest.java,1,7,0,0,0
HeaderMediatorFactory.java,1,4,0,0,0
HeaderMediatorSerializationTest.java,1,3,0,0,0
HeaderMediatorSerializer.java,1,2,0,0,0
HeaderMediatorTest.java,1,6,0,0,0
HeaderTextRetriever.java,1,2,0,0,0
HessianConstants.java,1,0,0,0,0
HessianMessageBuilder.java,1,2,0,0,0
HessianMessageBuilderTest.java,1,8,0,0,0
HessianMessageFormatter.java,1,10,0,0,0
HessianMessageFormatterTest.java,1,5,0,0,0
HessianTestHelper.java,1,5,0,0,0
HessianUtils.java,1,5,0,0,0
HostConnections.java,1,9,0,0,0
HostnameVerifier.java,2,30,0,0,0
HttpAxisTestClientConfigurator.java,1,2,0,0,0
HttpConfigConstants.java,1,0,0,0,0
HttpCoreNIOListener.java,2,52,0,0,0
HttpCoreNIOListenerTest.java,1,1,0,0,0
HttpCoreNIOSender.java,1,52,0,0,0
HttpCoreNIOSSLListener.java,1,6,0,0,0
HttpCoreNIOSSLSender.java,1,8,0,0,0
HttpCoreRequestResponseTransport.java,1,7,0,0,0
HttpGetRequestProcessor.java,0,2,0,0,0
HttpResponse.java,1,6,0,0,0
HttpSessionDispatcher.java,1,8,0,0,0
HttpSessionDispatcherTest.java,1,2,0,0,0
HttpTransportConfiguration.java,1,12,0,0,0
HttpTransportConfigurationTest.java,2,4,0,0,0
HttpTransportDescriptionFactory.java,1,3,0,0,0
ICACertsLoader.java,0,1,0,0,0
Identifiable.java,0,1,0,0,0
IdentityKeyStoreInformation.java,1,4,0,0,0
IdentityKeyStoreWrapper.java,1,5,0,0,0
IEntryFactory.java,0,1,0,0,0
IEntrySerializer.java,0,1,0,0,0
IKeyStoreLoader.java,0,1,0,0,0
Importance.java,0,4,0,0,0
ImportDeployer.java,1,5,0,0,0
IndirectEndpoint.java,1,12,0,0,0
IndirectEndpointFactory.java,1,2,0,0,0
IndirectEndpointSerializer.java,1,1,0,0,0
InMediator.java,1,3,0,0,0
InMediatorFactory.java,1,2,0,0,0
InMediatorSerializationTest.java,1,1,0,0,0
InMediatorSerializer.java,1,2,0,0,0
InMemoryDataSourceRepository.java,1,6,0,0,0
InMemoryMessageStore.java,1,10,0,0,0
InMemoryMessageStoreTest.java,2,9,0,0,0
InMemoryRegistryEntry.java,1,12,0,0,0
InOutStatisticsView.java,1,6,0,0,0
InputStreamConsumer.java,1,7,0,0,0
InternalQueue.java,0,8,0,0,0
InvokeMediator.java,1,6,0,0,0
InvokeMediatorFactory.java,1,3,0,0,0
InvokeMediatorSerializationTest.java,1,3,0,0,0
InvokeMediatorSerializer.java,1,3,0,0,0
IterateMediator.java,1,16,0,0,0
IterateMediatorFactory.java,1,2,0,0,0
IterateMediatorSerializationTest.java,1,6,0,0,0
IterateMediatorSerializer.java,1,2,0,0,0
IterateMediatorTest.java,1,4,0,0,0
JavaScriptMediatorTest.java,1,2,0,0,0
JavaScriptXmlHelper.java,1,2,0,0,0
JBossEncryptionSecretCallbackHandler.java,1,2,0,0,0
JKSKeyStoreLoader.java,1,1,0,0,0
JlineSecretCallbackHandler.java,1,2,0,0,0
JMSSampleClient.java,1,7,0,0,0
JmxAdapter.java,1,7,0,0,0
JmxConfigurationConstants.java,1,0,0,0,0
JmxInformation.java,1,18,0,0,0
JmxInformationFactory.java,1,3,0,0,0
JmxSecretAuthenticator.java,1,1,0,0,0
JMXSecretCallbackHandler.java,1,1,0,0,0
JMXSecretsProvider.java,1,7,0,0,0
JMXSecretsProviderMBean.java,0,3,0,0,0
JNDIBasedDataSourceRepository.java,1,16,0,0,0
JSONClient.java,1,3,0,0,0
KeyStoreInformation.java,1,14,0,0,0
KeyStoreInformationFactory.java,1,3,0,0,0
KeyStoreType.java,0,0,0,0,0
KeyStoreWrapper.java,1,10,0,0,0
LatencyView.java,3,15,0,0,0
LatencyViewMBean.java,0,9,0,0,0
LBService1.java,1,4,0,0,0
LBService2.java,1,4,0,0,0
LibDeployerConstants.java,1,0,0,0,0
LibDeployerUtils.java,1,18,0,0,0
LibDeployerUtilsTest.java,1,2,0,0,0
LibImportTest.java,1,4,0,0,0
Library.java,0,7,0,0,0
LibraryArtifact.java,3,19,0,0,0
LibraryArtifactDeployer.java,1,10,0,0,0
ListenerContext.java,1,19,0,0,0
ListMediator.java,0,6,0,0,0
LoadbalanceAlgorithm.java,0,8,0,0,0
LoadbalanceAlgorithmFactory.java,1,2,0,0,0
LoadbalanceEndpoint.java,3,18,0,0,0
LoadbalanceEndpointFactory.java,1,3,0,0,0
LoadBalanceEndpointSerializationTest.java,1,1,0,0,0
LoadbalanceEndpointSerializer.java,1,1,0,0,0
LoadbalanceFailoverClient.java,1,9,0,0,0
LoadBalanceMembershipHandler.java,0,6,0,0,0
LocalEntryConfigurationTest.java,1,13,0,0,0
LocalEntryDeployer.java,1,4,0,0,0
Location.java,1,4,0,0,0
LoggingClientEventHandler.java,1,9,0,0,0
LoggingConstants.java,1,0,0,0,0
LoggingIOSession.java,2,25,0,0,0
LoggingNHttpClientConnection.java,1,5,0,0,0
LoggingNHttpServerConnection.java,1,5,0,0,0
LoggingServerEventHandler.java,1,9,0,0,0
LoggingUtils.java,1,6,0,0,0
LogMediator.java,1,18,0,0,0
LogMediatorFactory.java,1,2,0,0,0
LogMediatorSerializationTest.java,1,8,0,0,0
LogMediatorSerializer.java,1,2,0,0,0
LoopbackMediator.java,1,2,0,0,0
LoopbackMediatorFactory.java,1,2,0,0,0
LoopbackMediatorSerializer.java,1,2,0,0,0
ManageableCache.java,0,3,0,0,0
ManageableCacheValue.java,0,4,0,0,0
ManagedLifecycle.java,0,2,0,0,0
MatchBuilderTest.java,1,4,0,0,0
MatchEvaluator.java,1,7,0,0,0
MatchFactory.java,1,1,0,0,0
MatchSerializer.java,1,1,0,0,0
MatchSerializerTest.java,1,4,0,0,0
MBeanRegistrar.java,1,7,0,0,0
MBeanRepository.java,0,4,0,0,0
MDDConsumer.java,1,5,0,0,0
MDDProducer.java,1,6,0,0,0
Mediator.java,0,5,0,0,0
MediatorBaseVariable.java,1,1,0,0,0
MediatorCustomVariable.java,1,8,0,0,0
MediatorFactory.java,0,2,0,0,0
MediatorFactoryFinder.java,1,8,0,0,0
MediatorFaultHandler.java,1,4,0,0,0
MediatorLog.java,1,13,0,0,0
MediatorProperty.java,1,10,0,0,0
MediatorPropertyFactory.java,1,1,0,0,0
MediatorPropertySerializer.java,1,4,0,0,0
MediatorSerializer.java,0,2,0,0,0
MediatorSerializerFinder.java,1,5,0,0,0
MediatorVariable.java,1,7,0,0,0
MediatorWorker.java,1,2,0,0,0
MessageBuilderTest.java,1,6,0,0,0
MessageContext.java,0,54,0,0,0
MessageContextCreatorForAxis2.java,1,5,0,0,0
MessageCounter.java,1,3,0,0,0
MessageFormatterDecoratorFactory.java,1,1,0,0,0
MessageForwardingProcessorView.java,1,11,0,0,0
MessageForwardingProcessorViewMBean.java,0,10,0,0,0
MessageHelper.java,1,16,0,0,0
MessageHelperTest.java,1,2,0,0,0
MessageInjector.java,1,11,0,0,0
MessageProcessor.java,0,9,0,0,0
MessageProcessorConsents.java,1,0,0,0,0
MessageProcessorDeployer.java,1,4,0,0,0
MessageProcessorFactory.java,1,3,0,0,0
MessageProcessorSerializationTest.java,2,6,0,0,0
MessageProcessorSerializer.java,1,3,0,0,0
MessageQueue.java,0,6,0,0,0
MessageStore.java,0,16,0,0,0
MessageStoreDeployer.java,1,4,0,0,0
MessageStoreFactory.java,1,4,0,0,0
MessageStoreMediator.java,1,8,0,0,0
MessageStoreMediatorFactory.java,1,2,0,0,0
MessageStoreMediatorSerializationTest.java,1,2,0,0,0
MessageStoreMediatorSerializer.java,1,2,0,0,0
MessageStoreObserver.java,0,2,0,0,0
MessageStoreSerializationTest.java,1,2,0,0,0
MessageStoreSerializer.java,1,3,0,0,0
MessageStoreView.java,1,5,0,0,0
MessageStoreViewMBean.java,0,5,0,0,0
MessageTest.java,1,2,0,0,0
MetricsAggregatorModule.java,1,5,0,0,0
MetricsConstants.java,1,0,0,0,0
MiscellaneousUtil.java,1,5,0,0,0
MTOMSwAClient.java,1,5,0,0,0
MTOMSwASampleClient.java,1,2,0,0,0
MTOMSwASampleService.java,1,3,0,0,0
MultiPriorityBlockingQueue.java,2,27,0,0,0
MultiPriorityBlockingQueueAbstractTest.java,1,2,0,0,0
MultiPriorityBlockingQueueStressTest.java,3,12,0,0,0
MultiPriorityBlockingQueueTest.java,1,16,0,0,0
MultiSecretCallback.java,1,2,0,0,0
MultiXMLConfigurationBuilder.java,1,18,0,0,0
MultiXMLConfigurationBuilderTest.java,1,1,0,0,0
MultiXMLConfigurationSerializer.java,1,31,0,0,0
Nameable.java,0,2,0,0,0
Namespaces.java,0,0,0,0,0
NextQueueAlgorithm.java,0,2,0,0,0
NHttpConfiguration.java,1,17,0,0,0
NhttpConnectionDebugConfig.java,1,7,0,0,0
NhttpConstants.java,1,0,0,0,0
NhttpMetricsCollector.java,1,6,0,0,0
NhttpUtil.java,1,4,0,0,0
NotEvaluator.java,1,4,0,0,0
NotFactory.java,1,2,0,0,0
NotSerializer.java,1,1,0,0,0
NoValidateCertTrustManager.java,1,3,0,0,0
OCSPCache.java,2,15,0,0,0
OCSPVerifier.java,1,5,0,0,0
OCSPVerifierTest.java,1,4,1,0,0
OMElementUtils.java,1,1,0,0,0
OrEvaluator.java,1,4,0,0,0
OrFactory.java,1,2,0,0,0
OrSerializer.java,1,1,0,0,0
OutMediator.java,1,3,0,0,0
OutMediatorFactory.java,1,2,0,0,0
OutMediatorSerializationTest.java,1,1,0,0,0
OutMediatorSerializer.java,1,2,0,0,0
package-info.java,0,0,0,0,0
ParameterTextRetriever.java,1,2,0,0,0
ParentLastClassLoader.java,1,3,0,0,0
Parser.java,1,3,0,0,0
PassThroughConfigPNames.java,0,0,0,0,0
PassThroughConfiguration.java,1,7,0,0,0
PassThroughConstants.java,1,0,0,0,0
PassThroughHttpListener.java,2,29,0,0,0
PassThroughHttpSender.java,1,21,0,0,0
PassThroughHttpSSLListener.java,1,5,0,0,0
PassThroughHttpSSLSender.java,2,11,0,0,0
PassThroughNHttpGetProcessor.java,1,15,0,0,0
PassThroughTransportMetricsCollector.java,1,5,0,0,0
PassThroughTransportUtils.java,1,8,0,0,0
PasswordManager.java,1,10,0,0,0
PathChecker.java,1,5,0,0,0
PayloadFactoryMediator.java,2,11,0,0,0
PayloadFactoryMediatorFactory.java,1,4,0,0,0
PayloadFactoryMediatorSerializationTest.java,1,4,0,0,0
PayloadFactoryMediatorSerializer.java,1,2,0,0,0
PayloadFactoryMediatorTest.java,1,3,0,0,0
PayloadHelper.java,1,21,0,0,0
PayloadHelperTest.java,1,1,0,0,0
PerUserDomainViewStrategy.java,1,2,0,0,0
PerUserIPViewStrategy.java,1,2,0,0,0
PerUserViewStrategy.java,1,4,0,0,0
Pipe.java,3,23,0,0,0
PipeConstants.java,1,0,0,0,0
PipeDispatcher.java,1,3,0,0,0
PipeEndpoint.java,1,5,0,0,0
PipeEndpointListener.java,1,2,0,0,0
PipeListener.java,1,3,0,0,0
PKCS12KeyStoreLoader.java,1,1,0,0,0
PKCS8KeyStoreLoader.java,1,3,0,0,0
PlaceOrder.java,1,6,0,0,0
PlaceOrderWrapper.java,1,2,0,0,0
POJOCommandMediator.java,1,14,3,0,0
POJOCommandMediatorFactory.java,1,3,0,0,0
POJOCommandMediatorSerializationTest.java,1,11,0,0,0
POJOCommandMediatorSerializer.java,1,3,0,0,0
POJOCommandMediatorTest.java,1,8,0,0,0
POJOCommandTestHelper.java,1,6,0,0,0
POJOCommandTestImplementedMediator.java,1,5,0,0,0
POJOCommandTestMediator.java,1,3,0,0,0
PolicyInfo.java,1,10,0,0,0
PollTableEntry.java,1,25,0,0,0
POXUtils.java,1,2,0,0,0
PriorityExecutor.java,2,22,0,0,0
PriorityExecutorDeployer.java,1,4,0,0,0
PriorityExecutorFactory.java,1,6,0,0,0
PriorityExecutorSerializer.java,1,2,0,0,0
ProcessController.java,0,3,0,0,0
PropertyHelper.java,1,5,16,0,0
PropertyInclude.java,0,5,0,0,0
PropertyMediator.java,1,24,0,0,0
PropertyMediatorFactory.java,1,2,0,0,0
PropertyMediatorSerializationTest.java,1,8,0,0,0
PropertyMediatorSerializer.java,1,2,0,0,0
PropertyMediatorTest.java,1,7,0,0,0
PropertyTextRetriever.java,1,2,0,0,0
Protocol.java,0,2,0,0,0
ProtocolDecoder.java,0,3,0,0,0
ProtocolException.java,1,0,0,0,0
ProtocolState.java,0,0,0,0,0
ProxyService.java,1,73,0,0,0
ProxyServiceDeployer.java,1,5,0,0,0
ProxyServiceFactory.java,1,3,0,0,0
ProxyServiceMessageReceiver.java,1,6,0,0,0
ProxyServiceSerializationTest.java,1,6,0,0,0
ProxyServiceSerializer.java,1,2,0,0,0
ProxyServiceTest.java,1,3,0,0,0
PRRNextQueueAlgorithm.java,1,2,0,0,0
PWCallback.java,1,1,0,0,0
Quote.java,1,5,0,0,0
RabbitMQAMQPClient.java,1,2,0,0,0
ReadAndUpdate.java,0,0,0,0,0
ReadFromMessage.java,0,0,0,0,0
RecipientListEndpoint.java,2,16,0,0,0
RecipientListEndpointFactory.java,1,3,0,0,0
RecipientListEndpointSerializationTest.java,1,3,0,0,0
RecipientListEndpointSerializer.java,1,1,0,0,0
Registry.java,0,13,0,0,0
RegistryEntry.java,0,8,0,0,0
RegistryEntryImpl.java,1,17,0,0,0
RegistryFactory.java,1,4,0,0,0
RegistrySerializationTest.java,1,1,0,0,0
RegistrySerializer.java,1,2,0,0,0
RelayConstants.java,1,0,0,0,0
RelaySecurityMessageBuilderDispatchHandler.java,1,6,0,0,0
RelayUtils.java,1,8,1,0,0
RelayUtilsTest.java,1,3,0,0,0
ReplaceMediator.java,1,5,0,0,0
ReplaceMediatorFactory.java,1,2,0,0,0
Replicator.java,1,3,0,0,0
RepositoryBasedDataSourceFinder.java,1,4,0,0,0
ResequencingJob.java,1,5,0,0,0
ResequencingProcessor.java,1,20,0,0,0
ResolvingEndpoint.java,1,4,0,0,0
ResolvingEndpointFactory.java,1,2,0,0,0
ResolvingEndpointSerializer.java,1,1,0,0,0
Resource.java,1,30,0,0,0
ResourceFactory.java,1,5,0,0,0
ResourceMap.java,1,3,0,0,0
ResourceMapFactory.java,1,2,0,0,0
ResourceMapSerializer.java,1,1,0,0,0
ResourceSerializer.java,1,1,0,0,0
ResourceTest.java,1,2,0,0,0
RespondMediator.java,1,2,0,0,0
RespondMediatorFactory.java,1,2,0,0,0
RespondMediatorSerializationTest.java,1,1,0,0,0
RespondMediatorSerializer.java,1,2,0,0,0
ResponseAcceptEncodingProcessor.java,1,1,0,0,0
ResponseMessageBuilder.java,1,6,0,0,0
ResponseMessageBuilderTest.java,1,4,0,0,0
RESTConstants.java,1,0,0,0,0
RESTDispatcher.java,0,1,0,0,0
RESTMediationTestCase.java,1,3,0,0,0
RESTRequestHandler.java,1,2,0,0,0
RESTUtil.java,1,8,3,0,0
RESTUtils.java,1,6,0,0,0
ResultBuilder.java,0,3,0,0,0
ResultBuilderFactory.java,0,1,0,0,0
RevocationStatus.java,0,1,0,0,0
RevocationVerificationManager.java,1,2,0,0,0
RevocationVerificationTest.java,1,6,0,0,0
RevocationVerifier.java,0,1,0,0,0
RewriteAction.java,1,11,0,0,0
RewriteRule.java,1,6,0,0,0
RMIRegistryController.java,1,9,0,0,0
RoundRobin.java,1,8,0,0,0
RoundRobinAlgorithmTest.java,2,6,0,0,0
SALoadbalanceEndpoint.java,1,10,0,0,0
SALoadbalanceEndpointFactory.java,1,2,0,0,0
SALoadbalanceEndpointSerializer.java,1,1,0,0,0
SALSessions.java,1,19,0,0,0
Sample0.java,1,2,0,0,0
Sample1.java,1,1,0,0,0
Sample10.java,1,1,0,0,0
Sample100.java,1,1,0,0,0
Sample10001.java,1,1,0,0,0
Sample10002.java,1,6,0,0,0
Sample10003.java,1,1,0,0,0
Sample101.java,1,1,0,0,0
Sample10101.java,1,2,0,0,0
Sample11.java,1,1,0,0,0
Sample12.java,1,1,0,0,0
Sample13.java,1,1,0,0,0
Sample15.java,1,1,0,0,0
Sample150.java,1,2,0,0,0
Sample151.java,1,1,0,0,0
Sample152.java,1,1,0,0,0
Sample153.java,1,1,0,0,0
Sample154.java,1,1,0,0,0
Sample155.java,1,1,0,0,0
Sample156.java,1,1,0,0,0
Sample157.java,1,1,0,0,0
Sample16.java,1,1,0,0,0
Sample160.java,1,1,0,0,0
Sample161.java,1,1,0,0,0
Sample2.java,1,1,0,0,0
Sample250.java,1,1,0,0,0
Sample251.java,1,1,0,0,0
Sample3.java,1,1,0,0,0
Sample300.java,1,1,0,0,0
Sample301.java,1,1,0,0,0
Sample302.java,1,1,0,0,0
Sample350.java,1,1,0,0,0
Sample351.java,1,1,0,0,0
Sample352.java,1,1,0,0,0
Sample353.java,1,1,0,0,0
Sample354.java,1,1,0,0,0
Sample360.java,1,1,0,0,0
Sample361.java,1,1,0,0,0
Sample362.java,1,1,0,0,0
Sample370.java,1,1,0,0,0
Sample371.java,1,1,0,0,0
Sample372.java,1,1,0,0,0
Sample380.java,1,1,0,0,0
Sample390.java,1,1,0,0,0
Sample391.java,1,1,0,0,0
Sample4.java,1,1,0,0,0
Sample420.java,1,1,0,0,0
Sample430.java,1,1,0,0,0
Sample431.java,1,1,0,0,0
Sample432.java,1,1,0,0,0
Sample433.java,1,1,0,0,0
Sample434.java,1,1,0,0,0
Sample450.java,1,1,0,0,0
Sample451.java,1,1,0,0,0
Sample452.java,1,1,0,0,0
Sample460.java,1,1,0,0,0
Sample5.java,1,1,0,0,0
Sample50.java,1,1,0,0,0
Sample51.java,1,2,0,0,0
Sample52.java,1,1,0,0,0
Sample53.java,1,2,0,0,0
Sample54.java,1,1,0,0,0
Sample55.java,1,2,0,0,0
Sample56.java,1,1,0,0,0
Sample57.java,1,2,0,0,0
Sample58.java,1,2,0,0,0
Sample59.java,1,1,0,0,0
Sample6.java,1,1,0,0,0
Sample7.java,1,1,0,0,0
Sample8.java,1,1,0,0,0
Sample800.java,1,2,0,0,0
Sample9.java,1,1,0,0,0
SampleAxis2Server.java,1,5,0,0,0
SampleAxis2ServerManager.java,1,6,0,0,0
SampleClientResult.java,1,6,0,0,0
SampleConfigConstants.java,1,0,0,0,0
SamplingJob.java,1,2,0,0,0
SamplingProcessor.java,1,8,0,0,0
SamplingProcessorView.java,1,3,0,0,0
SamplingProcessorViewMBean.java,0,3,0,0,0
SamplingThrottleMediator.java,2,15,0,0,0
SamplingThrottleMediatorFactory.java,1,2,0,0,0
SamplingThrottleMediatorSerializationTest.java,1,6,0,0,0
SamplingThrottleMediatorSerializer.java,1,2,0,0,0
ScheduledMessageForwardingProcessor.java,1,12,0,0,0
ScheduledMessageProcessor.java,1,7,0,0,0
SchemaResourceLSInput.java,1,16,0,0,0
SchemaResourceResolver.java,1,1,0,0,0
ScriptMediator.java,1,15,0,0,0
ScriptMediatorFactory.java,1,3,0,0,0
ScriptMediatorFactoryTest.java,1,3,0,0,0
ScriptMediatorSerializationTest.java,1,5,0,0,0
ScriptMediatorSerializer.java,1,2,0,0,0
ScriptMediatorTest.java,1,5,0,0,0
ScriptMessageContext.java,1,65,0,0,0
SecretCallback.java,0,0,0,0,0
SecretCallbackHandler.java,0,1,0,0,0
SecretCallbackHandlerFactory.java,1,4,0,0,0
SecretInformation.java,1,13,0,0,0
SecretInformationFactory.java,1,2,0,0,0
SecretLoadingModule.java,1,2,0,0,0
SecretManager.java,1,7,0,0,0
SecretManagerAdminMBean.java,0,2,0,0,0
SecretManagerAdminMBeanImpl.java,1,2,0,0,0
SecretManagerSecretCallbackHandler.java,1,1,0,0,0
SecretRepository.java,0,4,0,0,0
SecretRepositoryProvider.java,0,1,0,0,0
SecretResolver.java,1,8,0,0,0
SecretResolverFactory.java,1,4,0,0,0
SecureVaultException.java,1,0,0,0,0
SecurityConstants.java,1,0,0,0,0
SEDAMediator.java,1,11,0,0,0
SEDAMediatorFactory.java,1,2,0,0,0
SEDAQueue.java,1,7,0,0,0
SEDAQueueConsumer.java,0,1,0,0,0
SEDAQueueConsumerPolicy.java,1,6,0,0,0
SEDAQueueConsumerWorker.java,1,3,0,0,0
SEDAQueueConsumerWorkerFactory.java,1,1,0,0,0
SEDAQueuePolicy.java,1,8,0,0,0
SEDAQueueProducer.java,1,1,0,0,0
SEDAQueueProducerPolicy.java,1,4,0,0,0
SendMediator.java,1,8,0,0,0
SendMediatorFactory.java,1,2,0,0,0
SendMediatorSerializationTest.java,1,6,0,0,0
SendMediatorSerializer.java,1,2,0,0,0
SequenceDeployer.java,1,4,0,0,0
SequenceMediator.java,1,18,0,0,0
SequenceMediatorFactory.java,1,3,0,0,0
SequenceMediatorSerializationTest.java,1,7,0,0,0
SequenceMediatorSerializer.java,1,3,0,0,0
SequenceMediatorTest.java,1,9,0,0,0
ServerConfigurationInformation.java,1,29,0,0,0
ServerConfigurationInformationFactory.java,1,8,0,0,0
ServerConnectionDebug.java,1,6,1,0,0
ServerContextInformation.java,1,11,0,0,0
ServerHandler.java,1,22,0,0,0
ServerManager.java,1,20,0,0,0
ServerManagerView.java,1,8,0,0,0
ServerManagerViewMBean.java,0,8,0,0,0
ServerState.java,0,6,0,0,0
ServerStateDetectionStrategy.java,1,1,0,0,0
ServerWorker.java,1,11,6,0,0
ServiceDynamicLoadbalanceEndpoint.java,2,11,0,0,0
ServiceDynamicLoadbalanceEndpointFactory.java,1,2,0,0,0
ServiceInvoker.java,1,9,0,0,0
ServiceLoadBalanceMembershipHandler.java,2,11,0,0,0
ServiceLocator.java,1,4,0,0,0
ServiceRequestEarlyBuilder.java,1,3,0,0,0
Services.java,1,1,0,0,0
SessionEventHandler.java,0,6,0,0,0
SessionInformation.java,1,12,0,0,0
SharedSecretCallbackHandler.java,1,1,0,0,0
SharedSecretCallbackHandlerCache.java,1,3,0,0,0
ShoppingCart.java,0,3,0,0,0
ShoppingCartBean.java,1,4,0,0,0
SimpleClientSessionDispatcher.java,1,5,0,0,0
SimpleClientSessionDispatcherTest.java,1,2,0,0,0
SimpleInMemoryRegistry.java,1,9,0,0,0
SimpleLoggingObserver.java,1,0,0,0,0
SimpleMap.java,0,22,0,0,0
SimpleMapImpl.java,1,24,0,0,0
SimpleMapTest.java,1,2,0,0,0
SimpleQuartz.java,1,7,0,0,0
SimpleQuartzFactory.java,1,4,0,0,0
SimpleQuartzJob.java,1,3,0,0,0
SimpleQuartzSerializer.java,1,1,0,0,0
SimpleStockQuoteService.java,1,5,0,0,0
SimpleURLRegistry.java,1,12,0,0,0
SimpleURLRegistryTest.java,1,6,0,0,0
SingleSecretCallback.java,1,6,0,0,0
SNMPAgent.java,1,10,0,0,0
SNMPConstants.java,1,0,0,0,0
SOAPConversionTest.java,1,6,0,0,0
SOAPEnvelopeTextRetriever.java,1,2,0,0,0
SoapSessionDispatcher.java,1,5,0,0,0
SOAPUtils.java,1,5,0,0,0
Source.java,1,14,0,0,0
SourceBuilder.java,0,2,0,0,0
SourceBuilderFactory.java,0,1,0,0,0
SourceConfiguration.java,1,15,0,0,0
SourceConnections.java,1,7,0,0,0
SourceContext.java,1,23,0,0,0
SourceHandler.java,1,17,1,0,0
SourceRequest.java,1,13,1,0,0
SourceResponse.java,1,7,0,0,0
SourceResponseFactory.java,1,2,0,0,0
SourceTextRetriever.java,0,2,0,0,0
SourceTextRetrieverTest.java,1,5,0,0,0
SourceXPathSupport.java,1,5,0,0,0
SplitTestHelperMediator.java,1,6,0,0,0
SpringCustomLogger.java,1,5,0,0,0
SpringMediator.java,1,10,0,0,0
SpringMediatorFactory.java,1,2,0,0,0
SpringMediatorSerializer.java,1,2,0,0,0
SpringMediatorTest.java,1,1,0,0,0
SpringTestBean.java,1,6,0,0,0
Startup.java,0,3,0,0,0
StartupFactory.java,0,3,0,0,0
StartupFinder.java,1,11,0,0,0
StartupSerializationTest.java,1,2,0,0,0
StartupSerializer.java,0,1,0,0,0
Statement.java,2,8,0,0,0
Statistics.java,1,11,0,0,0
StatisticsCleaner.java,1,1,0,0,0
StatisticsCollector.java,1,5,0,0,0
StatisticsConfigurable.java,0,3,0,0,0
StatisticsLog.java,1,13,0,0,0
StatisticsRecord.java,1,12,0,0,0
StatisticsRecordFactory.java,1,1,0,0,0
StatisticsReporter.java,1,10,0,0,0
StatisticsUpdateStrategy.java,1,1,0,0,0
StatisticsView.java,1,9,0,0,0
StatisticsViewMBean.java,0,7,0,0,0
StatisticsViewStrategy.java,0,2,0,0,0
StockQuoteCallback.java,1,4,0,0,0
StockQuoteClient.java,2,7,0,0,0
StockQuoteHandler.java,1,10,0,0,0
StockQuoteSampleClient.java,1,19,0,0,0
StockQuoteService.java,1,4,0,0,0
Store.java,1,8,0,0,0
StoreLocator.java,0,1,0,0,0
StoreLocatorBean.java,1,1,0,0,0
StoreRegisterUtil.java,1,3,0,0,0
StoreRegistry.java,0,1,0,0,0
StoreRegistryBean.java,1,1,0,0,0
StreamingOnRequestDataSource.java,1,5,0,0,0
StreamResultBuilder.java,1,4,0,0,0
StreamResultBuilderFactory.java,1,1,0,0,0
StreamSourceBuilder.java,1,3,0,0,0
StreamSourceBuilderFactory.java,1,1,0,0,0
SubscriptionMessageBuilder.java,1,7,0,0,0
SwitchCase.java,1,8,0,0,0
SwitchMediator.java,1,9,0,0,0
SwitchMediatorFactory.java,1,2,0,0,0
SwitchMediatorSerializationTest.java,1,2,0,0,0
SwitchMediatorSerializer.java,1,2,0,0,0
SwitchMediatorTest.java,1,9,0,0,0
SymmetricCipher.java,1,2,0,0,0
SynapseAdaptorForOcspCrl.java,1,1,2,0,0
SynapseArtifact.java,0,2,0,0,0
SynapseArtifactDeploymentException.java,1,0,0,0,0
SynapseArtifactDeploymentStore.java,1,15,0,0,0
SynapseAxisServlet.java,1,3,0,0,0
SynapseBinaryDataSource.java,1,4,0,0,0
SynapseCallbackReceiver.java,1,9,0,0,0
SynapseCallbackStoreView.java,1,2,0,0,0
SynapseCallbackStoreViewMBean.java,0,2,0,0,0
SynapseCommodityServiceTest.java,1,6,0,0,0
SynapseCommonsException.java,1,0,0,0,0
SynapseConfiguration.java,1,102,0,0,0
SynapseConfigurationBuilder.java,1,3,0,0,0
SynapseConfigUtils.java,1,27,0,0,0
SynapseConstants.java,2,0,0,0,0
SynapseController.java,0,13,0,0,0
SynapseControllerFactory.java,1,6,0,0,0
SynapseDispatcher.java,1,3,0,0,0
SynapseEnvironment.java,0,15,0,0,0
SynapseEventFilter.java,0,1,0,0,0
SynapseEventingConstants.java,1,0,0,0,0
SynapseEventSource.java,2,21,0,0,0
SynapseEventSourceTest.java,1,6,0,0,0
SynapseException.java,1,0,0,0,0
SynapseImport.java,1,7,0,0,0
SynapseImportFactory.java,1,2,0,0,0
SynapseImportSerializer.java,1,2,0,0,0
SynapseInHandler.java,1,1,0,0,0
SynapseLibrary.java,1,19,0,0,0
SynapseLog.java,0,13,0,0,0
SynapseMediator.java,1,1,0,0,0
SynapseMediatorFactory.java,1,2,0,0,0
SynapseMediatorSerializer.java,1,2,0,0,0
SynapseMessageReceiver.java,1,3,0,0,0
SynapseMIBUtils.java,1,1,0,0,0
SynapseModule.java,1,5,0,0,0
SynapseMOScalar.java,1,1,0,0,0
SynapseMustUnderstandHandler.java,1,1,0,0,0
SynapseNHttpClientConnection.java,1,7,0,0,0
SynapseNHttpClientConnectionFactory.java,5,5,0,0,0
SynapseNHttpServerConnectionFactory.java,5,5,0,0,0
SynapseNHttpSSLClientConnectionFactory.java,1,2,0,0,0
SynapseNHttpSSLServerConnectionFactory.java,1,1,0,0,0
SynapseObserver.java,0,16,0,0,0
SynapseObserverTest.java,2,19,0,0,0
SynapseOutHandler.java,1,1,0,0,0
SynapseProcessController.java,2,7,0,0,0
SynapsePropertiesLoader.java,1,3,0,0,0
SynapseSample_0_Integration.java,1,2,0,0,0
SynapseSample_100_Integration.java,1,2,0,0,0
SynapseSample_101_Integration.java,1,2,0,0,0
SynapseSample_102_Integration.java,1,2,0,0,0
SynapseSample_103_Integration.java,1,2,0,0,0
SynapseSample_104_Integration.java,1,2,0,0,0
SynapseSample_10_Integration.java,1,2,0,0,0
SynapseSample_110_Integration.java,1,2,0,0,0
SynapseSample_111_Integration.java,1,2,0,0,0
SynapseSample_112_Integration.java,1,2,0,0,0
SynapseSample_113_Integration.java,1,2,0,0,0
SynapseSample_114_Integration.java,1,2,0,0,0
SynapseSample_11_Integration.java,1,2,0,0,0
SynapseSample_1_Integration.java,1,2,0,0,0
SynapseSample_2_Integration.java,1,2,0,0,0
SynapseSample_3_Integration.java,1,2,0,0,0
SynapseSample_4_Integration.java,1,2,0,0,0
SynapseSample_500_Integration.java,1,2,0,0,0
SynapseSample_501_Integration.java,1,2,0,0,0
SynapseSample_502_Integration.java,1,2,0,0,0
SynapseSample_503_Integration.java,1,2,0,0,0
SynapseSample_50_Integration.java,1,2,0,0,0
SynapseSample_510_Integration.java,1,2,0,0,0
SynapseSample_51_Integration.java,1,2,0,0,0
SynapseSample_52_Integration.java,1,2,0,0,0
SynapseSample_53_Integration.java,1,2,0,0,0
SynapseSample_54_Integration.java,1,2,0,0,0
SynapseSample_55_Integration.java,1,2,0,0,0
SynapseSample_56_Integration.java,1,2,0,0,0
SynapseSample_57_Integration.java,1,2,0,0,0
SynapseSample_5_Integration.java,1,2,0,0,0
SynapseSample_600_Integration.java,1,2,0,0,0
SynapseSample_60_Integration.java,1,2,0,0,0
SynapseSample_6_Integration.java,1,2,0,0,0
SynapseSample_7_Integration.java,1,2,0,0,0
SynapseSample_8_Integration.java,1,2,0,0,0
SynapseSample_9_Integration.java,1,2,0,0,0
SynapseServer.java,1,4,0,0,0
SynapseSNMPAgent.java,1,2,0,0,0
SynapseStartUpServlet.java,1,4,0,0,0
SynapseSubscription.java,1,6,0,0,0
SynapseTaskException.java,1,0,0,0,0
SynapseTaskManager.java,1,8,0,0,0
SynapseTestCase.java,1,14,0,0,0
SynapseTestUtils.java,1,7,0,0,0
SynapseThreadFactory.java,1,1,0,0,0
SynapseThreadPool.java,1,0,0,0,0
SynapseXMLConfigurationFactory.java,1,21,0,0,0
SynapseXMLConfigurationSerializer.java,1,13,0,0,0
SynapseXPath.java,2,9,0,0,0
SynapseXPathConstants.java,1,0,0,0,0
SynapseXPathFactory.java,1,3,0,0,0
SynapseXPathFunctionContext.java,1,1,0,0,0
SynapseXpathFunctionContextProvider.java,0,2,0,0,0
SynapseXPathSerializer.java,1,4,0,0,0
SynapseXPathTest.java,1,10,0,0,0
SynapseXPathVariableContext.java,1,1,0,0,0
SynapseXpathVariableResolver.java,0,2,0,0,0
SyslogConstants.java,1,0,0,0,0
SyslogMessageBuilder.java,1,1,0,0,0
SyslogMessageBuilderTest.java,2,9,0,0,0
SystemViewStrategy.java,1,4,0,0,0
Target.java,1,4,0,0,0
TargetConfiguration.java,1,6,0,0,0
TargetConnections.java,1,8,0,0,0
TargetContext.java,1,22,0,0,0
TargetErrorHandler.java,1,3,0,0,0
TargetFactory.java,1,2,0,0,0
TargetHandler.java,1,19,1,0,0
TargetRequest.java,1,13,0,0,0
TargetRequestFactory.java,1,3,0,0,0
TargetResponse.java,1,12,0,0,0
TargetSerializer.java,1,1,0,0,0
Task.java,0,1,0,0,0
TaskConstants.java,1,0,0,0,0
TaskDeployer.java,1,4,0,0,0
TaskDescription.java,1,25,0,0,0
TaskDescriptionFactory.java,1,4,0,0,0
TaskDescriptionRepository.java,1,9,0,0,0
TaskDescriptionRepositoryFactory.java,1,1,0,0,0
TaskDescriptionSerializer.java,1,1,0,0,0
TaskJobDetailFactory.java,0,1,0,0,0
TaskManagementService.java,0,7,0,0,0
TaskScheduler.java,1,16,0,0,0
TaskSchedulerFactory.java,1,1,0,0,0
TaskTriggerFactory.java,0,1,0,0,0
Template.java,1,13,0,0,0
TemplateContext.java,1,8,0,0,0
TemplateDeployer.java,1,4,0,0,0
TemplateEndpoint.java,1,11,0,0,0
TemplateEndpointFactory.java,1,1,0,0,0
TemplateEndpointSerializer.java,1,1,0,0,0
TemplateFactory.java,1,2,0,0,0
TemplateMediator.java,1,12,0,0,0
TemplateMediatorFactory.java,1,2,0,0,0
TemplateMediatorSerializer.java,1,4,0,0,0
TemplateParameter.java,1,6,0,0,0
TemplateParameterFactory.java,1,1,0,0,0
TemplateParameterSerializer.java,1,3,0,0,0
TemplateSerializationTest.java,1,5,0,0,0
TemplateSerializer.java,1,1,0,0,0
TemporaryData.java,3,23,0,0,0
TemporaryDataTest.java,1,7,0,0,0
TestConstants.java,0,0,0,0,0
TestHandler.java,1,2,0,0,0
TestMediateHandler.java,0,1,0,0,0
TestMediateHandlerImpl.java,1,1,0,0,0
TestMediator.java,1,4,0,0,0
TestMessageContext.java,1,56,0,0,0
TestMessageContextBuilder.java,1,11,0,0,0
TestSamplesHandlerSuite.java,1,2,0,0,0
TestTask.java,1,5,0,0,0
TestUtils.java,1,8,0,0,0
TextFileDataSource.java,1,5,0,0,0
TextFileDataSourceTest.java,1,4,0,0,0
TextProcessingEvaluatorFactory.java,1,2,0,0,0
TextProcessingEvaluatorSerializer.java,1,2,0,0,0
ThreadedClient.java,1,2,0,0,0
ThreadingView.java,3,23,0,0,0
ThreadingViewMBean.java,0,12,0,0,0
ThrottleMediator.java,1,20,0,0,0
ThrottleMediatorFactory.java,1,2,0,0,0
ThrottleMediatorSerializationTest.java,1,1,0,0,0
ThrottleMediatorSerializer.java,1,2,0,0,0
ThrottleMediatorTest.java,2,12,0,0,0
TimeoutHandler.java,1,3,0,0,0
TopicBasedEventFilter.java,1,7,0,0,0
TradingDay.java,1,4,0,0,0
TransactionMediator.java,1,5,0,0,0
TransactionMediatorFactory.java,1,2,0,0,0
TransactionMediatorSerializationTest.java,1,1,0,0,0
TransactionMediatorSerializer.java,1,2,0,0,0
TransportView.java,1,25,0,0,0
TransportViewMBean.java,0,25,0,0,0
TrustKeyStoreInformation.java,1,2,0,0,0
TrustKeyStoreWrapper.java,1,2,0,0,0
UnboundedMessageQueue.java,1,6,0,0,0
UnboundedQueue.java,1,15,0,0,0
UpdateMessage.java,0,0,0,0,0
URIFragments.java,1,7,0,0,0
URITemplateBasedDispatcher.java,1,1,0,0,0
URITemplateBasedDispatcherTest.java,1,4,0,0,0
URITemplateHelper.java,1,2,0,0,0
URLBasedVersionStrategy.java,1,2,0,0,0
URLEncodeFunction.java,1,2,0,0,0
URLMappingBasedDispatcher.java,1,1,0,0,0
URLMappingBasedDispatcherTest.java,1,6,0,0,0
URLMappingHelper.java,1,4,0,0,0
URLRewriteMediator.java,1,8,0,0,0
URLRewriteMediatorFactory.java,1,4,0,0,0
URLRewriteMediatorSerializationTest.java,1,3,0,0,0
URLRewriteMediatorSerializer.java,1,4,0,0,0
URLRewriteMediatorTest.java,1,9,0,0,0
URLTextRetriever.java,1,3,0,0,0
UserDefinedWSDLLocator.java,0,1,0,0,0
UserDefinedXmlSchemaURIResolver.java,0,2,0,0,0
Utils.java,1,7,0,0,0
UUIDGenerator.java,1,2,1,0,0
ValidateMediator.java,2,19,0,0,0
ValidateMediatorFactory.java,1,2,0,0,0
ValidateMediatorSerializationTest.java,1,2,0,0,0
ValidateMediatorSerializer.java,1,2,0,0,0
ValidateMediatorTest.java,1,18,0,0,0
Value.java,1,13,0,0,0
ValueFactory.java,1,6,0,0,0
ValueSerializer.java,1,1,0,0,0
VersionStrategy.java,0,4,0,0,0
VersionStrategyFactory.java,1,3,0,0,0
VersionStrategySerializer.java,1,1,0,0,0
VFSAsyncClient.java,1,1,0,0,0
VFSAsyncFileChannel.java,1,0,0,0,0
VFSClient.java,1,4,0,0,0
VFSConstants.java,1,0,0,0,0
VFSFileChannel.java,1,5,0,0,0
VFSMockAsyncEndpoint.java,1,3,0,0,0
VFSOutTransportInfo.java,1,12,0,0,0
VFSRequestResponseClient.java,1,2,0,0,0
VFSRequestResponseFileChannel.java,1,3,0,0,0
VFSTestEnvironment.java,1,2,0,0,0
VFSTestUtils.java,1,3,0,0,0
VFSTransportDescriptionFactory.java,1,2,0,0,0
VFSTransportListener.java,2,10,0,0,0
VFSTransportSender.java,1,5,0,0,0
VFSTransportTest.java,1,1,0,0,0
VFSUtils.java,1,8,0,0,0
WeightedRoundRobin.java,4,21,0,0,0
WeightedRoundRobinView.java,1,2,0,0,0
WeightedRoundRobinViewMBean.java,0,2,0,0,0
WeightedRRLCAlgorithm.java,2,32,0,0,0
WeightedRRLCAlgorithmTest.java,1,6,0,0,0
Wire.java,1,10,0,0,0
WSDL11EndpointBuilder.java,1,4,0,0,0
WSDL20EndpointBuilder.java,1,0,0,0,0
WSDLEndpoint.java,1,11,0,0,0
WSDLEndpointFactory.java,1,2,0,0,0
WSDLEndpointSerializer.java,1,1,0,0,0
XarExplodedMojo.java,1,1,0,0,0
XarMojo.java,1,1,0,0,0
XFormURLEncodedBuilder.java,1,3,0,0,0
XMLConfigConstants.java,1,0,0,0,0
XMLConfigurationBuilder.java,1,1,0,0,0
XMLConfigurationSerializer.java,1,1,0,0,0
XMLToEndpointMapper.java,1,2,0,0,0
XMLToObjectMapper.java,0,1,0,0,0
XMLToTemplateMapper.java,1,1,0,0,0
XPathBasedEventFilter.java,1,6,0,0,0
XpathExtensionUtil.java,1,10,0,0,0
XQueryMediator.java,1,19,0,0,0
XQueryMediatorFactory.java,1,2,0,0,0
XQueryMediatorSerializationTest.java,1,1,0,0,0
XQueryMediatorSerializer.java,1,2,0,0,0
XQueryMediatorTest.java,1,8,0,0,0
XSLTMediator.java,2,24,0,0,0
XSLTMediatorFactory.java,1,2,0,0,0
XSLTMediatorSerializationTest.java,1,3,0,0,0
XSLTMediatorSerializer.java,1,2,0,0,0
XSLTMediatorTest.java,1,19,0,0,0
